izvor,cd_ili_redni_broj,napjevi,id_mjesta,mjesto,napomena,metaoznaka_snimke,poveznica_na_snimke
Knjiga 1 (Tradicijsko pučko crkveno pjevanje),CD 1,01–06,lisane-ostrovicke,Lišane Ostrovičke,,snimljeno kolovoza 2008.,https://stin.hr/portfolio-items/tradicijsko-pucko-crkveno-pjevanje-u-franjevackoj-provinciji-presvetog-otkupitelja-cd-1/
Knjiga 1 (Tradicijsko pučko crkveno pjevanje),CD 1,07–13,stankovci,Stankovci,,snimljeno kolovoza 2010.,https://stin.hr/portfolio-items/tradicijsko-pucko-crkveno-pjevanje-u-franjevackoj-provinciji-presvetog-otkupitelja-cd-1/
Knjiga 1 (Tradicijsko pučko crkveno pjevanje),CD 1,14–16,metkovic,Metković,,snimljeno travnja 2004.,https://stin.hr/portfolio-items/tradicijsko-pucko-crkveno-pjevanje-u-franjevackoj-provinciji-presvetog-otkupitelja-cd-1/
Knjiga 1 (Tradicijsko pučko crkveno pjevanje),CD 1,17,split,Split,Crkva sestara Službenica Milosrđa – Anćele,snimljeno srpnja 2009.,https://stin.hr/portfolio-items/tradicijsko-pucko-crkveno-pjevanje-u-franjevackoj-provinciji-presvetog-otkupitelja-cd-1/
Knjiga 1 (Tradicijsko pučko crkveno pjevanje),CD 1,18,lisane-ostrovicke,Lišane Ostrovičke,,snimljeno kolovoza 2008.,https://stin.hr/portfolio-items/tradicijsko-pucko-crkveno-pjevanje-u-franjevackoj-provinciji-presvetog-otkupitelja-cd-1/
Knjiga 1 (Tradicijsko pučko crkveno pjevanje),CD 1,19–20,stankovci,Stankovci,,snimljeno kolovoza 2010.,https://stin.hr/portfolio-items/tradicijsko-pucko-crkveno-pjevanje-u-franjevackoj-provinciji-presvetog-otkupitelja-cd-1/
Knjiga 1 (Tradicijsko pučko crkveno pjevanje),CD 1,21,split,Split,Crkva sestara Službenica Milosrđa – Anćele,snimljeno srpnja 2009.,https://stin.hr/portfolio-items/tradicijsko-pucko-crkveno-pjevanje-u-franjevackoj-provinciji-presvetog-otkupitelja-cd-1/
Knjiga 1 (Tradicijsko pučko crkveno pjevanje),CD 1,22–23,lisane-ostrovicke,Lišane Ostrovičke,,snimljeno kolovoza 2008.,https://stin.hr/portfolio-items/tradicijsko-pucko-crkveno-pjevanje-u-franjevackoj-provinciji-presvetog-otkupitelja-cd-1/
Knjiga 1 (Tradicijsko pučko crkveno pjevanje),CD 1,24,prgomet,Prgomet,,snimljeno kolovoza 2008.,https://stin.hr/portfolio-items/tradicijsko-pucko-crkveno-pjevanje-u-franjevackoj-provinciji-presvetog-otkupitelja-cd-1/
Knjiga 1 (Tradicijsko pučko crkveno pjevanje),CD 1,25,stankovci,Stankovci,,snimljeno kolovoza 2010.,https://stin.hr/portfolio-items/tradicijsko-pucko-crkveno-pjevanje-u-franjevackoj-provinciji-presvetog-otkupitelja-cd-1/
Knjiga 1 (Tradicijsko pučko crkveno pjevanje),CD 2,01,sumartin,Sumartin,,"ožujak 1996., snimio Lj. Stipišić Delmata",https://stin.hr/portfolio-items/tradicijsko-pucko-crkveno-pjevanje-franjevacke-provincije-presvetog-otkupitelja-cd-2/
Knjiga 1 (Tradicijsko pučko crkveno pjevanje),CD 2,02,prgomet,Prgomet,,snimljeno kolovoza 2008.,https://stin.hr/portfolio-items/tradicijsko-pucko-crkveno-pjevanje-franjevacke-provincije-presvetog-otkupitelja-cd-2/
Knjiga 1 (Tradicijsko pučko crkveno pjevanje),CD 2,03,metkovic,Metković,,snimljeno travnja 2004.,https://stin.hr/portfolio-items/tradicijsko-pucko-crkveno-pjevanje-franjevacke-provincije-presvetog-otkupitelja-cd-2/
Knjiga 1 (Tradicijsko pučko crkveno pjevanje),CD 2,04–06,sumartin,Sumartin,,"ožujak 1996., snimio Lj. Stipišić Delmata",https://stin.hr/portfolio-items/tradicijsko-pucko-crkveno-pjevanje-franjevacke-provincije-presvetog-otkupitelja-cd-2/
Knjiga 1 (Tradicijsko pučko crkveno pjevanje),CD 2,07,metkovic,Metković,,snimljeno travnja 2004.,https://stin.hr/portfolio-items/tradicijsko-pucko-crkveno-pjevanje-franjevacke-provincije-presvetog-otkupitelja-cd-2/
Knjiga 1 (Tradicijsko pučko crkveno pjevanje),CD 2,08,sumartin,Sumartin,,"ožujak 1996., snimio Lj. Stipišić Delmata",https://stin.hr/portfolio-items/tradicijsko-pucko-crkveno-pjevanje-franjevacke-provincije-presvetog-otkupitelja-cd-2/
Knjiga 1 (Tradicijsko pučko crkveno pjevanje),CD 2,09,split,Split,Crkva sestara Službenica Milosrđa – Anćele,snimljeno srpnja 2009.,https://stin.hr/portfolio-items/tradicijsko-pucko-crkveno-pjevanje-franjevacke-provincije-presvetog-otkupitelja-cd-2/
Knjiga 1 (Tradicijsko pučko crkveno pjevanje),CD 2,10,sumartin,Sumartin,,"ožujak 1996., snimio Lj. Stipišić Delmata",https://stin.hr/portfolio-items/tradicijsko-pucko-crkveno-pjevanje-franjevacke-provincije-presvetog-otkupitelja-cd-2/
Knjiga 1 (Tradicijsko pučko crkveno pjevanje),CD 2,11,metkovic,Metković,,snimljeno travnja 2004.,https://stin.hr/portfolio-items/tradicijsko-pucko-crkveno-pjevanje-franjevacke-provincije-presvetog-otkupitelja-cd-2/
Knjiga 1 (Tradicijsko pučko crkveno pjevanje),CD 3,01,runovici,Runovići,U izvoru 'iz Runovića',snimljeno kolovoza 2009.,https://stin.hr/portfolio-items/tradicijsko-pucko-crkveno-pjevanje-u-franjevackoj-provinciji-presvetog-otkupitelja-cd-3/
Knjiga 1 (Tradicijsko pučko crkveno pjevanje),CD 3,02,stankovci,Stankovci,,snimljeno kolovoza 2010.,https://stin.hr/portfolio-items/tradicijsko-pucko-crkveno-pjevanje-u-franjevackoj-provinciji-presvetog-otkupitelja-cd-3/
Knjiga 1 (Tradicijsko pučko crkveno pjevanje),CD 3,03,,(mjesto nije navedeno),Pjeva Ante Cvitanović; lokacija nije zapisana,,https://stin.hr/portfolio-items/tradicijsko-pucko-crkveno-pjevanje-u-franjevackoj-provinciji-presvetog-otkupitelja-cd-3/
Knjiga 1 (Tradicijsko pučko crkveno pjevanje),CD 3,04–05,metkovic,Metković,,snimljeno travnja 2004.,https://stin.hr/portfolio-items/tradicijsko-pucko-crkveno-pjevanje-u-franjevackoj-provinciji-presvetog-otkupitelja-cd-3/
Knjiga 1 (Tradicijsko pučko crkveno pjevanje),CD 3,06,split,Split,Crkva sestara Službenica Milosrđa – Anćele,snimljeno srpnja 2009.,https://stin.hr/portfolio-items/tradicijsko-pucko-crkveno-pjevanje-u-franjevackoj-provinciji-presvetog-otkupitelja-cd-3/
Knjiga 1 (Tradicijsko pučko crkveno pjevanje),CD 4,01–02,sumartin,Sumartin,,"ožujak 1996., snimio Lj. Stipišić Delmata",https://stin.hr/portfolio-items/tradicijsko-pucko-crkveno-pjevanje-u-franjevackoj-provinciji-presvetog-otkupitelja-cd-4/
Knjiga 1 (Tradicijsko pučko crkveno pjevanje),CD 4,03–04,,(mjesto nije navedeno),Pjevaju fra Stipica Grgat i Miro Perica; bez lokacije,,https://stin.hr/portfolio-items/tradicijsko-pucko-crkveno-pjevanje-u-franjevackoj-provinciji-presvetog-otkupitelja-cd-4/
Knjiga 1 (Tradicijsko pučko crkveno pjevanje),CD 4,05–06,split,Split,Crkva sestara Službenica Milosrđa – Anćele,snimljeno srpnja 2009.,https://stin.hr/portfolio-items/tradicijsko-pucko-crkveno-pjevanje-u-franjevackoj-provinciji-presvetog-otkupitelja-cd-4/
Knjiga 1 (Tradicijsko pučko crkveno pjevanje),CD 4,07–09,stankovci,Stankovci,,snimljeno kolovoza 2010.,https://stin.hr/portfolio-items/tradicijsko-pucko-crkveno-pjevanje-u-franjevackoj-provinciji-presvetog-otkupitelja-cd-4/
Knjiga 1 (Tradicijsko pučko crkveno pjevanje),CD 4,10,split,Split,Crkva sestara Službenica Milosrđa – Anćele,snimljeno srpnja 2009.,https://stin.hr/portfolio-items/tradicijsko-pucko-crkveno-pjevanje-u-franjevackoj-provinciji-presvetog-otkupitelja-cd-4/
Knjiga 1 (Tradicijsko pučko crkveno pjevanje),CD 4,11,metkovic,Metković,,snimljeno travnja 2004.,https://stin.hr/portfolio-items/tradicijsko-pucko-crkveno-pjevanje-u-franjevackoj-provinciji-presvetog-otkupitelja-cd-4/
Knjiga 1 (Tradicijsko pučko crkveno pjevanje),CD 4,12,sumartin,Sumartin,,"ožujak 1996., snimio Lj. Stipišić Delmata",https://stin.hr/portfolio-items/tradicijsko-pucko-crkveno-pjevanje-u-franjevackoj-provinciji-presvetog-otkupitelja-cd-4/
Knjiga 1 (Tradicijsko pučko crkveno pjevanje),CD 4,13,vrgorac,Vrgorac,,snimljeno kolovoza 2008.,https://stin.hr/portfolio-items/tradicijsko-pucko-crkveno-pjevanje-u-franjevackoj-provinciji-presvetog-otkupitelja-cd-4/
Knjiga 1 (Tradicijsko pučko crkveno pjevanje),CD 4,14,metkovic,Metković,,snimljeno travnja 2004.,https://stin.hr/portfolio-items/tradicijsko-pucko-crkveno-pjevanje-u-franjevackoj-provinciji-presvetog-otkupitelja-cd-4/
Knjiga 1 (Tradicijsko pučko crkveno pjevanje),CD 4,15,vrgorac,Vrgorac,Prema PDF popisu fonoteke: pjevači župe Navještenja BDM iz Vrgorca,snimljeno kolovoza 2008.,https://stin.hr/portfolio-items/tradicijsko-pucko-crkveno-pjevanje-u-franjevackoj-provinciji-presvetog-otkupitelja-cd-4/
Knjiga 1 (Tradicijsko pučko crkveno pjevanje),CD 4,16,vrgorac,Vrgorac,,snimljeno kolovoza 2008.,https://stin.hr/portfolio-items/tradicijsko-pucko-crkveno-pjevanje-u-franjevackoj-provinciji-presvetog-otkupitelja-cd-4/
Knjiga 1 (Tradicijsko pučko crkveno pjevanje),CD 4,17,metkovic,Metković,,snimljeno kolovoza 2004.,https://stin.hr/portfolio-items/tradicijsko-pucko-crkveno-pjevanje-u-franjevackoj-provinciji-presvetog-otkupitelja-cd-4/
Knjiga 1 (Tradicijsko pučko crkveno pjevanje),CD 4,18–19,split,Split,"Prema PDF popisu fonoteke: zbor Gospe od Zdravlja, crkva Anćele u Splitu",snimljeno srpnja 2009.,https://stin.hr/portfolio-items/tradicijsko-pucko-crkveno-pjevanje-u-franjevackoj-provinciji-presvetog-otkupitelja-cd-4/
Knjiga 1 (Tradicijsko pučko crkveno pjevanje),CD 4,20,split,Split,Crkva sestara Službenica Milosrđa – Anćele,snimljeno srpnja 2009.,https://stin.hr/portfolio-items/tradicijsko-pucko-crkveno-pjevanje-u-franjevackoj-provinciji-presvetog-otkupitelja-cd-4/
Knjiga 1 (Tradicijsko pučko crkveno pjevanje),CD 4,21,stankovci,Stankovci,,snimljeno kolovoza 2010.,https://stin.hr/portfolio-items/tradicijsko-pucko-crkveno-pjevanje-u-franjevackoj-provinciji-presvetog-otkupitelja-cd-4/
Knjiga 1 (Tradicijsko pučko crkveno pjevanje),CD 4,22,lisane-ostrovicke,Lišane Ostrovičke,,snimljeno kolovoza 2008.,https://stin.hr/portfolio-items/tradicijsko-pucko-crkveno-pjevanje-u-franjevackoj-provinciji-presvetog-otkupitelja-cd-4/
Knjiga 2 (Tradicijsko pučko crkveno pjevanje),CD 1,01–12,igrane,Igrane,,"snimio Ivan Talijančić, 2005.",https://stin.hr/portfolio-items/tradicijsko-pucko-crkveno-pjevanje-u-franjevackoj-provinciji-presvetog-otkupitelja-knjiga-2-cd-1/
Knjiga 2 (Tradicijsko pučko crkveno pjevanje),CD 1,13–18,mirlovic-zagora,Mirlović Zagora,,,https://stin.hr/portfolio-items/tradicijsko-pucko-crkveno-pjevanje-u-franjevackoj-provinciji-presvetog-otkupitelja-knjiga-2-cd-1/
Knjiga 2 (Tradicijsko pučko crkveno pjevanje),CD 1,19–22,rupe,Rupe,,,https://stin.hr/portfolio-items/tradicijsko-pucko-crkveno-pjevanje-u-franjevackoj-provinciji-presvetog-otkupitelja-knjiga-2-cd-1/
Knjiga 2 (Tradicijsko pučko crkveno pjevanje),CD 1,23–26,cvrljevo,Čvrljevo,Snimljeno u Splitu,,https://stin.hr/portfolio-items/tradicijsko-pucko-crkveno-pjevanje-u-franjevackoj-provinciji-presvetog-otkupitelja-knjiga-2-cd-1/
Knjiga 2 (Tradicijsko pučko crkveno pjevanje),CD 1,27–31,banjevci,Banjevci,,,https://stin.hr/portfolio-items/tradicijsko-pucko-crkveno-pjevanje-u-franjevackoj-provinciji-presvetog-otkupitelja-knjiga-2-cd-1/
Knjiga 2 (Tradicijsko pučko crkveno pjevanje),CD 1,32–33,,(lokacija nije navedena),Lokacija nije navedena,,https://stin.hr/portfolio-items/tradicijsko-pucko-crkveno-pjevanje-u-franjevackoj-provinciji-presvetog-otkupitelja-knjiga-2-cd-1/
Knjiga 2 (Tradicijsko pučko crkveno pjevanje),CD 2,01–05,radosic,Radošić,,,https://stin.hr/portfolio-items/tradicijsko-pucko-crkveno-pjevanje-u-franjevackoj-provinciji-presvetog-otkupitelja-knjiga-2-cd-2/
Knjiga 2 (Tradicijsko pučko crkveno pjevanje),CD 2,06–08,drvenik-makarska,Drvenik (Makarsko primorje),U izvoru 'Drvenik' — identifikacija nesigurna,,https://stin.hr/portfolio-items/tradicijsko-pucko-crkveno-pjevanje-u-franjevackoj-provinciji-presvetog-otkupitelja-knjiga-2-cd-2/
Knjiga 2 (Tradicijsko pučko crkveno pjevanje),CD 2,09–17,,(lokacija nije navedena),Ante Cvitanović Mika; lokacija nije navedena,,https://stin.hr/portfolio-items/tradicijsko-pucko-crkveno-pjevanje-u-franjevackoj-provinciji-presvetog-otkupitelja-knjiga-2-cd-2/
Knjiga 2 (Tradicijsko pučko crkveno pjevanje),CD 2,18,,(lokacija nije navedena),Martin Burić; lokacija nije navedena,,https://stin.hr/portfolio-items/tradicijsko-pucko-crkveno-pjevanje-u-franjevackoj-provinciji-presvetog-otkupitelja-knjiga-2-cd-2/
Knjiga 2 (Tradicijsko pučko crkveno pjevanje),CD 2,19,,(lokacija nije navedena),Martin Veža; lokacija nije navedena,,https://stin.hr/portfolio-items/tradicijsko-pucko-crkveno-pjevanje-u-franjevackoj-provinciji-presvetog-otkupitelja-knjiga-2-cd-2/
Knjiga 2 (Tradicijsko pučko crkveno pjevanje),CD 2,20–21,mirlovic-zagora,Mirlović Zagora,,,https://stin.hr/portfolio-items/tradicijsko-pucko-crkveno-pjevanje-u-franjevackoj-provinciji-presvetog-otkupitelja-knjiga-2-cd-2/
Knjiga 2 (Tradicijsko pučko crkveno pjevanje),CD 2,22,miljevci,Miljevci,,,https://stin.hr/portfolio-items/tradicijsko-pucko-crkveno-pjevanje-u-franjevackoj-provinciji-presvetog-otkupitelja-knjiga-2-cd-2/
Knjiga 2 (Tradicijsko pučko crkveno pjevanje),CD 2,23,rupe,Rupe,,,https://stin.hr/portfolio-items/tradicijsko-pucko-crkveno-pjevanje-u-franjevackoj-provinciji-presvetog-otkupitelja-knjiga-2-cd-2/
Knjiga 2 (Tradicijsko pučko crkveno pjevanje),CD 2,24,banjevci,Banjevci,,,https://stin.hr/portfolio-items/tradicijsko-pucko-crkveno-pjevanje-u-franjevackoj-provinciji-presvetog-otkupitelja-knjiga-2-cd-2/
Knjiga 2 (Tradicijsko pučko crkveno pjevanje),CD 2,25,radosic,Radošić,,,https://stin.hr/portfolio-items/tradicijsko-pucko-crkveno-pjevanje-u-franjevackoj-provinciji-presvetog-otkupitelja-knjiga-2-cd-2/
Knjiga 2 (Tradicijsko pučko crkveno pjevanje),CD 2,26–29,,(lokacija nije navedena),Ante Cvitanović Mika; lokacija nije navedena,,https://stin.hr/portfolio-items/tradicijsko-pucko-crkveno-pjevanje-u-franjevackoj-provinciji-presvetog-otkupitelja-knjiga-2-cd-2/
Knjiga 2 (Tradicijsko pučko crkveno pjevanje),CD 2,30,mirlovic-zagora,Mirlović Zagora,,,https://stin.hr/portfolio-items/tradicijsko-pucko-crkveno-pjevanje-u-franjevackoj-provinciji-presvetog-otkupitelja-knjiga-2-cd-2/
Knjiga 2 (Tradicijsko pučko crkveno pjevanje),CD 2,31,rupe,Rupe,,,https://stin.hr/portfolio-items/tradicijsko-pucko-crkveno-pjevanje-u-franjevackoj-provinciji-presvetog-otkupitelja-knjiga-2-cd-2/
Knjiga 2 (Tradicijsko pučko crkveno pjevanje),CD 2,32,cvrljevo,Čvrljevo,,,https://stin.hr/portfolio-items/tradicijsko-pucko-crkveno-pjevanje-u-franjevackoj-provinciji-presvetog-otkupitelja-knjiga-2-cd-2/
Knjiga 2 (Tradicijsko pučko crkveno pjevanje),CD 2,33,radosic,Radošić,,,https://stin.hr/portfolio-items/tradicijsko-pucko-crkveno-pjevanje-u-franjevackoj-provinciji-presvetog-otkupitelja-knjiga-2-cd-2/
Knjiga 2 (Tradicijsko pučko crkveno pjevanje),CD 2,34,mirlovic-zagora,Mirlović Zagora,,,https://stin.hr/portfolio-items/tradicijsko-pucko-crkveno-pjevanje-u-franjevackoj-provinciji-presvetog-otkupitelja-knjiga-2-cd-2/
Knjiga 2 (Tradicijsko pučko crkveno pjevanje),CD 2,35,banjevci,Banjevci,,,https://stin.hr/portfolio-items/tradicijsko-pucko-crkveno-pjevanje-u-franjevackoj-provinciji-presvetog-otkupitelja-knjiga-2-cd-2/
Knjiga 2 (Tradicijsko pučko crkveno pjevanje),CD 2,36,brist,Brist,,,https://stin.hr/portfolio-items/tradicijsko-pucko-crkveno-pjevanje-u-franjevackoj-provinciji-presvetog-otkupitelja-knjiga-2-cd-2/
Knjiga 2 (Tradicijsko pučko crkveno pjevanje),CD 2,37,,(lokacija nije navedena),Ante Cvitanović Mika; lokacija nije navedena,,https://stin.hr/portfolio-items/tradicijsko-pucko-crkveno-pjevanje-u-franjevackoj-provinciji-presvetog-otkupitelja-knjiga-2-cd-2/
Knjiga 2 (Tradicijsko pučko crkveno pjevanje),CD 2,38,mirlovic-zagora,Mirlović Zagora,,,https://stin.hr/portfolio-items/tradicijsko-pucko-crkveno-pjevanje-u-franjevackoj-provinciji-presvetog-otkupitelja-knjiga-2-cd-2/
Knjiga 2 (Tradicijsko pučko crkveno pjevanje),CD 2,39,cvrljevo,Čvrljevo,,,https://stin.hr/portfolio-items/tradicijsko-pucko-crkveno-pjevanje-u-franjevackoj-provinciji-presvetog-otkupitelja-knjiga-2-cd-2/
Knjiga 2 (Tradicijsko pučko crkveno pjevanje),CD 2,40,,(lokacija nije navedena),Slavka i Kata Krnić; lokacija nije navedena,,https://stin.hr/portfolio-items/tradicijsko-pucko-crkveno-pjevanje-u-franjevackoj-provinciji-presvetog-otkupitelja-knjiga-2-cd-2/
Knjiga 2 (Tradicijsko pučko crkveno pjevanje),CD 2,41,rupe,Rupe,,,https://stin.hr/portfolio-items/tradicijsko-pucko-crkveno-pjevanje-u-franjevackoj-provinciji-presvetog-otkupitelja-knjiga-2-cd-2/
Knjiga 2 (Tradicijsko pučko crkveno pjevanje),CD 2,42,radosic,Radošić,,,https://stin.hr/portfolio-items/tradicijsko-pucko-crkveno-pjevanje-u-franjevackoj-provinciji-presvetog-otkupitelja-knjiga-2-cd-2/
Knjiga 2 (Tradicijsko pučko crkveno pjevanje),CD 2,43,miljevci,Miljevci,,,https://stin.hr/portfolio-items/tradicijsko-pucko-crkveno-pjevanje-u-franjevackoj-provinciji-presvetog-otkupitelja-knjiga-2-cd-2/
Knjiga 2 (Tradicijsko pučko crkveno pjevanje),CD 2,44,mirlovic-zagora,Mirlović Zagora,,,https://stin.hr/portfolio-items/tradicijsko-pucko-crkveno-pjevanje-u-franjevackoj-provinciji-presvetog-otkupitelja-knjiga-2-cd-2/
Knjiga 2 (Tradicijsko pučko crkveno pjevanje),CD 2,45,miljevci,Miljevci,,,https://stin.hr/portfolio-items/tradicijsko-pucko-crkveno-pjevanje-u-franjevackoj-provinciji-presvetog-otkupitelja-knjiga-2-cd-2/
Knjiga 2 (Tradicijsko pučko crkveno pjevanje),CD 3,01–04,,(lokacija nije navedena),Ante Cvitanović Mika; lokacija nije navedena,,https://stin.hr/portfolio-items/tradicijsko-pucko-crkveno-pjevanje-u-franjevackoj-provinciji-presvetog-otkupitelja-knjiga-2-cd-3/
Knjiga 2 (Tradicijsko pučko crkveno pjevanje),CD 3,05,mirlovic-zagora,Mirlović Zagora,,,https://stin.hr/portfolio-items/tradicijsko-pucko-crkveno-pjevanje-u-franjevackoj-provinciji-presvetog-otkupitelja-knjiga-2-cd-3/
Knjiga 2 (Tradicijsko pučko crkveno pjevanje),CD 3,06,,(lokacija nije navedena),Ante Cvitanović Mika; lokacija nije navedena,,https://stin.hr/portfolio-items/tradicijsko-pucko-crkveno-pjevanje-u-franjevackoj-provinciji-presvetog-otkupitelja-knjiga-2-cd-3/
Knjiga 2 (Tradicijsko pučko crkveno pjevanje),CD 3,07,vrgorac,Vrgorac,,,https://stin.hr/portfolio-items/tradicijsko-pucko-crkveno-pjevanje-u-franjevackoj-provinciji-presvetog-otkupitelja-knjiga-2-cd-3/
Knjiga 2 (Tradicijsko pučko crkveno pjevanje),CD 3,08–09,brist,Brist,,,https://stin.hr/portfolio-items/tradicijsko-pucko-crkveno-pjevanje-u-franjevackoj-provinciji-presvetog-otkupitelja-knjiga-2-cd-3/
Knjiga 2 (Tradicijsko pučko crkveno pjevanje),CD 3,10,miljevci,Miljevci,,,https://stin.hr/portfolio-items/tradicijsko-pucko-crkveno-pjevanje-u-franjevackoj-provinciji-presvetog-otkupitelja-knjiga-2-cd-3/
Knjiga 2 (Tradicijsko pučko crkveno pjevanje),CD 3,11,mirlovic-zagora,Mirlović Zagora,,,https://stin.hr/portfolio-items/tradicijsko-pucko-crkveno-pjevanje-u-franjevackoj-provinciji-presvetog-otkupitelja-knjiga-2-cd-3/
Knjiga 2 (Tradicijsko pučko crkveno pjevanje),CD 3,12,promina,Promina (Oklaj),,,https://stin.hr/portfolio-items/tradicijsko-pucko-crkveno-pjevanje-u-franjevackoj-provinciji-presvetog-otkupitelja-knjiga-2-cd-3/
Knjiga 2 (Tradicijsko pučko crkveno pjevanje),CD 3,13,,(lokacija nije navedena),Božo Škopljanac; lokacija nije navedena,,https://stin.hr/portfolio-items/tradicijsko-pucko-crkveno-pjevanje-u-franjevackoj-provinciji-presvetog-otkupitelja-knjiga-2-cd-3/
Knjiga 2 (Tradicijsko pučko crkveno pjevanje),CD 3,14–18,,(lokacija nije navedena),Ante Cvitanović Mika; lokacija nije navedena,,https://stin.hr/portfolio-items/tradicijsko-pucko-crkveno-pjevanje-u-franjevackoj-provinciji-presvetog-otkupitelja-knjiga-2-cd-3/
Knjiga 2 (Tradicijsko pučko crkveno pjevanje),CD 3,19,,(lokacija nije navedena),Fra Šimun Čugura; lokacija nije navedena,,https://stin.hr/portfolio-items/tradicijsko-pucko-crkveno-pjevanje-u-franjevackoj-provinciji-presvetog-otkupitelja-knjiga-2-cd-3/
Knjiga 2 (Tradicijsko pučko crkveno pjevanje),CD 3,20–21,,(lokacija nije navedena),Ante Cvitanović Mika; lokacija nije navedena,,https://stin.hr/portfolio-items/tradicijsko-pucko-crkveno-pjevanje-u-franjevackoj-provinciji-presvetog-otkupitelja-knjiga-2-cd-3/
Knjiga 2 (Tradicijsko pučko crkveno pjevanje),CD 3,22–23,brist,Brist,,,https://stin.hr/portfolio-items/tradicijsko-pucko-crkveno-pjevanje-u-franjevackoj-provinciji-presvetog-otkupitelja-knjiga-2-cd-3/
Knjiga 2 (Tradicijsko pučko crkveno pjevanje),CD 3,24,mirlovic-zagora,Mirlović Zagora,,,https://stin.hr/portfolio-items/tradicijsko-pucko-crkveno-pjevanje-u-franjevackoj-provinciji-presvetog-otkupitelja-knjiga-2-cd-3/
Knjiga 2 (Tradicijsko pučko crkveno pjevanje),CD 3,25,miljevci,Miljevci,,,https://stin.hr/portfolio-items/tradicijsko-pucko-crkveno-pjevanje-u-franjevackoj-provinciji-presvetog-otkupitelja-knjiga-2-cd-3/
Knjiga 2 (Tradicijsko pučko crkveno pjevanje),CD 3,26,banjevci,Banjevci,,,https://stin.hr/portfolio-items/tradicijsko-pucko-crkveno-pjevanje-u-franjevackoj-provinciji-presvetog-otkupitelja-knjiga-2-cd-3/
Knjiga 2 (Tradicijsko pučko crkveno pjevanje),CD 3,27,rupe,Rupe,,,https://stin.hr/portfolio-items/tradicijsko-pucko-crkveno-pjevanje-u-franjevackoj-provinciji-presvetog-otkupitelja-knjiga-2-cd-3/
Knjiga 2 (Tradicijsko pučko crkveno pjevanje),CD 3,28–29,radosic,Radošić,,,https://stin.hr/portfolio-items/tradicijsko-pucko-crkveno-pjevanje-u-franjevackoj-provinciji-presvetog-otkupitelja-knjiga-2-cd-3/
Knjiga 2 (Tradicijsko pučko crkveno pjevanje),CD 3,30,miljevci,Miljevci,,,https://stin.hr/portfolio-items/tradicijsko-pucko-crkveno-pjevanje-u-franjevackoj-provinciji-presvetog-otkupitelja-knjiga-2-cd-3/
Knjiga 2 (Tradicijsko pučko crkveno pjevanje),CD 3,31–32,mirlovic-zagora,Mirlović Zagora,,,https://stin.hr/portfolio-items/tradicijsko-pucko-crkveno-pjevanje-u-franjevackoj-provinciji-presvetog-otkupitelja-knjiga-2-cd-3/
Popisni list br. 1 (Popis mjesta snimanja po CD-u),CD 1,,omisalj,Omišalj,,"snimio prof. dr. J. Hamm, 1954.",https://stin.hr/portfolio-items/cd-1-10/#cd1
Popisni list br. 1 (Popis mjesta snimanja po CD-u),CD 2,,omisalj,Omišalj,,"snimio prof. dr. J. Hamm, 1954.",https://stin.hr/portfolio-items/cd-1-10/#cd2
Popisni list br. 1 (Popis mjesta snimanja po CD-u),CD 3,,omisalj,Omišalj,,"snimio prof. dr. J. Hamm, 1954.",https://stin.hr/portfolio-items/cd-1-10/#cd3
Popisni list br. 1 (Popis mjesta snimanja po CD-u),CD 4,,omisalj,Omišalj,,"snimio prof. dr. J. Hamm, 1954.",https://stin.hr/portfolio-items/cd-1-10/#cd4
Popisni list br. 1 (Popis mjesta snimanja po CD-u),CD 5,,malinska,Malinska,,"snimio dr. V. Žganec, 1955.",https://stin.hr/portfolio-items/cd-1-10/#cd5
Popisni list br. 1 (Popis mjesta snimanja po CD-u),CD 5,,dubasnica,Dubašnica,,"snimio dr. V. Žganec, 1955.",https://stin.hr/portfolio-items/cd-1-10/#cd5
Popisni list br. 1 (Popis mjesta snimanja po CD-u),CD 5,,omisalj,Omišalj,,"snimio dr. V. Žganec, 1955.",https://stin.hr/portfolio-items/cd-1-10/#cd5
Popisni list br. 1 (Popis mjesta snimanja po CD-u),CD 6,,omisalj,Omišalj,,"snimio dr. V. Žganec, 1955.",https://stin.hr/portfolio-items/cd-1-10/#cd6
Popisni list br. 1 (Popis mjesta snimanja po CD-u),CD 7,,omisalj,Omišalj,,"snimio dr. V. Žganec, 1955.",https://stin.hr/portfolio-items/cd-1-10/#cd7
Popisni list br. 1 (Popis mjesta snimanja po CD-u),CD 8,,omisalj,Omišalj,,"snimio dr. V. Žganec, 1955.",https://stin.hr/portfolio-items/cd-1-10/#cd8
Popisni list br. 1 (Popis mjesta snimanja po CD-u),CD 9,,punat,Punat,,"snimio dr. V. Žganec, 1955.",https://stin.hr/portfolio-items/cd-1-10/#cd9
Popisni list br. 1 (Popis mjesta snimanja po CD-u),CD 10,,punat,Punat,,"snimio dr. V. Žganec, 1955.",https://stin.hr/portfolio-items/cd-1-10/#cd10
Popisni list br. 1 (Popis mjesta snimanja po CD-u),CD 11,,jurandvor,Jurandvor,,"snimio dr. V. Žganec, 1955.",https://stin.hr/portfolio-items/cd-11-20/#cd11
Popisni list br. 1 (Popis mjesta snimanja po CD-u),CD 11,,baska,Baška,,"snimio dr. V. Žganec, 1955.",https://stin.hr/portfolio-items/cd-11-20/#cd11
Popisni list br. 1 (Popis mjesta snimanja po CD-u),CD 12,,jurandvor,Jurandvor,,"snimio dr. V. Žganec, 1955.",https://stin.hr/portfolio-items/cd-11-20/#cd12
Popisni list br. 1 (Popis mjesta snimanja po CD-u),CD 12,,baska,Baška,,"snimio dr. V. Žganec, 1955.",https://stin.hr/portfolio-items/cd-11-20/#cd12
Popisni list br. 1 (Popis mjesta snimanja po CD-u),CD 13,,vrbnik,Vrbnik,,"snimio dr. V. Žganec, 1955.",https://stin.hr/portfolio-items/cd-11-20/#cd13
Popisni list br. 1 (Popis mjesta snimanja po CD-u),CD 14,,vrbnik,Vrbnik,,"snimio dr. V. Žganec, 1955.",https://stin.hr/portfolio-items/cd-11-20/#cd14
Popisni list br. 1 (Popis mjesta snimanja po CD-u),CD 15,,dobrinj,Dobrinj,,"snimio dr. V. Žganec, 1955.",https://stin.hr/portfolio-items/cd-11-20/#cd15
Popisni list br. 1 (Popis mjesta snimanja po CD-u),CD 16,,dobrinj,Dobrinj,,"snimio dr. V. Žganec, 1955.",https://stin.hr/portfolio-items/cd-11-20/#cd16
Popisni list br. 1 (Popis mjesta snimanja po CD-u),CD 17,,dobrinj,Dobrinj,,"snimio dr. V. Žganec, 1955.",https://stin.hr/portfolio-items/cd-11-20/#cd17
Popisni list br. 1 (Popis mjesta snimanja po CD-u),CD 18,,dobrinj,Dobrinj,,"snimio dr. V. Žganec, 1955.",https://stin.hr/portfolio-items/cd-11-20/#cd18
Popisni list br. 1 (Popis mjesta snimanja po CD-u),CD 19,,omisalj,Omišalj,Snimano u Rijeci,"snimio dr. V. Žganec, 1955.",https://stin.hr/portfolio-items/cd-11-20/#cd19
Popisni list br. 1 (Popis mjesta snimanja po CD-u),CD 20,,baska-draga,Baška Draga (Draga Bašćanska),,"snimio dr. V. Žganec, 1956.",https://stin.hr/portfolio-items/cd-11-20/#cd20
Popisni list br. 1 (Popis mjesta snimanja po CD-u),CD 20,,dubasnica,Dubašnica,,"snimio dr. V. Žganec, 1956.",https://stin.hr/portfolio-items/cd-11-20/#cd20
Popisni list br. 1 (Popis mjesta snimanja po CD-u),CD 20,,vrbnik,Vrbnik,,"snimio dr. V. Žganec, 1956.",https://stin.hr/portfolio-items/cd-11-20/#cd20
Popisni list br. 1 (Popis mjesta snimanja po CD-u),CD 21,,vrbnik,Vrbnik,,"snimio dr. V. Žganec, 1956.",https://stin.hr/portfolio-items/cd-21-30/#cd21
Popisni list br. 1 (Popis mjesta snimanja po CD-u),CD 22,,vrbnik,Vrbnik,,"snimio dr. V. Žganec, 1956.",https://stin.hr/portfolio-items/cd-21-30/#cd22
Popisni list br. 1 (Popis mjesta snimanja po CD-u),CD 23,,vrbnik,Vrbnik,,"snimio dr. V. Žganec, 1956.",https://stin.hr/portfolio-items/cd-21-30/#cd23
Popisni list br. 1 (Popis mjesta snimanja po CD-u),CD 24,,vrbnik,Vrbnik,,"snimio dr. V. Žganec, 1956.",https://stin.hr/portfolio-items/cd-21-30/#cd24
Popisni list br. 1 (Popis mjesta snimanja po CD-u),CD 24,,baska,Baška,,"snimio dr. V. Žganec, 1956.",https://stin.hr/portfolio-items/cd-21-30/#cd24
Popisni list br. 1 (Popis mjesta snimanja po CD-u),CD 25,,banjol,Banjol,,"snimio dr. V. Žganec, 1956.",https://stin.hr/portfolio-items/cd-21-30/#cd25
Popisni list br. 1 (Popis mjesta snimanja po CD-u),CD 25,,lopar,Lopar,,"snimio dr. V. Žganec, 1956.",https://stin.hr/portfolio-items/cd-21-30/#cd25
Popisni list br. 1 (Popis mjesta snimanja po CD-u),CD 26,,lopar,Lopar,,"snimio dr. V. Žganec, 1956.",https://stin.hr/portfolio-items/cd-21-30/#cd26
Popisni list br. 1 (Popis mjesta snimanja po CD-u),CD 27,,banjol,Banjol,,"snimio dr. V. Žganec, 1956.",https://stin.hr/portfolio-items/cd-21-30/#cd27
Popisni list br. 1 (Popis mjesta snimanja po CD-u),CD 28,,novalja,Novalja,,"snimio dr. V. Žganec, 1956.",https://stin.hr/portfolio-items/cd-21-30/#cd28
Popisni list br. 1 (Popis mjesta snimanja po CD-u),CD 29,,novalja,Novalja,,"snimio dr. V. Žganec, 1956.",https://stin.hr/portfolio-items/cd-21-30/#cd29
Popisni list br. 1 (Popis mjesta snimanja po CD-u),CD 30,,trogir,Trogir,,"snimio dr. V. Žganec, 1957.",https://stin.hr/portfolio-items/cd-21-30/#cd30
Popisni list br. 1 (Popis mjesta snimanja po CD-u),CD 31,,trogir,Trogir,,"snimio dr. V. Žganec, 1957.",https://stin.hr/portfolio-items/cd-31-40/#cd31
Popisni list br. 1 (Popis mjesta snimanja po CD-u),CD 32,,lanisce,Lanišće,,"snimio dr. V. Žganec, 1957.",https://stin.hr/portfolio-items/cd-31-40/#cd32
Popisni list br. 1 (Popis mjesta snimanja po CD-u),CD 33,,lanisce,Lanišće,,"snimio dr. V. Žganec, 1957.",https://stin.hr/portfolio-items/cd-31-40/#cd33
Popisni list br. 1 (Popis mjesta snimanja po CD-u),CD 34,,lanisce,Lanišće,,"snimio dr. V. Žganec, 1957.",https://stin.hr/portfolio-items/cd-31-40/#cd34
Popisni list br. 1 (Popis mjesta snimanja po CD-u),CD 35,,lanisce,Lanišće,,"snimio dr. V. Žganec, 1957.",https://stin.hr/portfolio-items/cd-31-40/#cd35
Popisni list br. 1 (Popis mjesta snimanja po CD-u),CD 35,,pazin,Pazin,,"snimio dr. V. Žganec, 1957.",https://stin.hr/portfolio-items/cd-31-40/#cd35
Popisni list br. 1 (Popis mjesta snimanja po CD-u),CD 36,,hvar-grad,Hvar (grad),,"snimio dr. V. Žganec, 1959.",https://stin.hr/portfolio-items/cd-31-40/#cd36
Popisni list br. 1 (Popis mjesta snimanja po CD-u),CD 36,,stari-grad-hvar,Stari Grad,,"snimio dr. V. Žganec, 1959.",https://stin.hr/portfolio-items/cd-31-40/#cd36
Popisni list br. 1 (Popis mjesta snimanja po CD-u),CD 37,,stari-grad-hvar,Stari Grad,,"snimio dr. V. Žganec, 1959.",https://stin.hr/portfolio-items/cd-31-40/#cd37
Popisni list br. 1 (Popis mjesta snimanja po CD-u),CD 37,,brusje,Brusje,,"snimio dr. V. Žganec, 1959.",https://stin.hr/portfolio-items/cd-31-40/#cd37
Popisni list br. 1 (Popis mjesta snimanja po CD-u),CD 38,,brusje,Brusje,U izvoru 'Brusja',"snimio dr. V. Žganec, 1959.",https://stin.hr/portfolio-items/cd-31-40/#cd38
Popisni list br. 1 (Popis mjesta snimanja po CD-u),CD 39,,brusje,Brusje,U izvoru 'Brusja',"snimio dr. V. Žganec, 1959.",https://stin.hr/portfolio-items/cd-31-40/#cd39
Popisni list br. 1 (Popis mjesta snimanja po CD-u),CD 40,,brusje,Brusje,,"snimio dr. V. Žganec, 1959.",https://stin.hr/portfolio-items/cd-31-40/#cd40
Popisni list br. 1 (Popis mjesta snimanja po CD-u),CD 40,,hvar-grad,Hvar (grad),,"snimio dr. V. Žganec, 1959.",https://stin.hr/portfolio-items/cd-31-40/#cd40
Popisni list br. 1 (Popis mjesta snimanja po CD-u),CD 41,,brusje,Brusje,,"snimio dr. V. Žganec, 1959.",https://stin.hr/portfolio-items/cd-41-50/#cd41
Popisni list br. 1 (Popis mjesta snimanja po CD-u),CD 41,,jelsa,Jelsa,,"snimio dr. V. Žganec, 1959.",https://stin.hr/portfolio-items/cd-41-50/#cd41
Popisni list br. 1 (Popis mjesta snimanja po CD-u),CD 42,,jelsa,Jelsa,,"snimio dr. V. Žganec, 1959.",https://stin.hr/portfolio-items/cd-41-50/#cd42
Popisni list br. 1 (Popis mjesta snimanja po CD-u),CD 43,,jelsa,Jelsa,,"snimio dr. V. Žganec, 1959.",https://stin.hr/portfolio-items/cd-41-50/#cd43
Popisni list br. 1 (Popis mjesta snimanja po CD-u),CD 44,,hvar-grad,Hvar (grad),,"snimio dr. V. Žganec, 1961. (presnimio S. Stepanov, 1976.)",https://stin.hr/portfolio-items/cd-41-50/#cd44
Popisni list br. 1 (Popis mjesta snimanja po CD-u),CD 45,,hvar-grad,Hvar (grad),,"snimio dr. V. Žganec, 1961. (presnimio S. Stepanov, 1976.)",https://stin.hr/portfolio-items/cd-41-50/#cd45
Popisni list br. 1 (Popis mjesta snimanja po CD-u),CD 45,,brusje,Brusje,,"snimio dr. V. Žganec, 1961. (presnimio S. Stepanov, 1976.)",https://stin.hr/portfolio-items/cd-41-50/#cd45
Popisni list br. 1 (Popis mjesta snimanja po CD-u),CD 46,,brusje,Brusje,,"snimio dr. V. Žganec, 1961. (presnimio S. Stepanov, 1976.)",https://stin.hr/portfolio-items/cd-41-50/#cd46
Popisni list br. 1 (Popis mjesta snimanja po CD-u),CD 47,,vrisnik,Vrisnik,U izvoru 'Kukuljica (vjerojatno Kukljica)',"snimio dr. V. Žganec, 1963. (presnimio S. Stepanov, 1976.)",https://stin.hr/portfolio-items/cd-41-50/#cd47
Popisni list br. 1 (Popis mjesta snimanja po CD-u),CD 47,,kukljica,Kukljica,U izvoru 'Kukuljica (vjerojatno Kukljica)',"snimio dr. V. Žganec, 1963. (presnimio S. Stepanov, 1976.)",https://stin.hr/portfolio-items/cd-41-50/#cd47
Popisni list br. 1 (Popis mjesta snimanja po CD-u),CD 48,,kukljica,Kukljica,,"snimio dr. V. Žganec, 1963. (presnimio S. Stepanov, 1976.)",https://stin.hr/portfolio-items/cd-41-50/#cd48
Popisni list br. 1 (Popis mjesta snimanja po CD-u),CD 48,,sestrunj,Sestrunj,,"snimio dr. V. Žganec, 1963. (presnimio S. Stepanov, 1976.)",https://stin.hr/portfolio-items/cd-41-50/#cd48
Popisni list br. 1 (Popis mjesta snimanja po CD-u),CD 49,,sestrunj,Sestrunj,,"snimio dr. V. Žganec, 1963. (presnimio S. Stepanov, 1976.)",https://stin.hr/portfolio-items/cd-41-50/#cd49
Popisni list br. 1 (Popis mjesta snimanja po CD-u),CD 49,,preko,Preko,,"snimio dr. V. Žganec, 1963. (presnimio S. Stepanov, 1976.)",https://stin.hr/portfolio-items/cd-41-50/#cd49
Popisni list br. 1 (Popis mjesta snimanja po CD-u),CD 50,,preko,Preko,,"snimio dr. V. Žganec, 1963. (presnimio S. Stepanov, 1976.)",https://stin.hr/portfolio-items/cd-41-50/#cd50
Popisni list br. 1 (Popis mjesta snimanja po CD-u),CD 51,,cara,Čara,,"snimio Stjepan Stepanov, 1963.",https://stin.hr/portfolio-items/cd-51-60/#cd51
Popisni list br. 1 (Popis mjesta snimanja po CD-u),CD 51,,smokvica,Smokvica,,"snimio Stjepan Stepanov, 1963.",https://stin.hr/portfolio-items/cd-51-60/#cd51
Popisni list br. 1 (Popis mjesta snimanja po CD-u),CD 52,,smokvica,Smokvica,,"snimio Stjepan Stepanov, 1963.",https://stin.hr/portfolio-items/cd-51-60/#cd52
Popisni list br. 1 (Popis mjesta snimanja po CD-u),CD 52,,cara,Čara,,"snimio Stjepan Stepanov, 1963.",https://stin.hr/portfolio-items/cd-51-60/#cd52
Popisni list br. 1 (Popis mjesta snimanja po CD-u),CD 52,,racisce,Račišće,,"snimio Stjepan Stepanov, 1963.",https://stin.hr/portfolio-items/cd-51-60/#cd52
Popisni list br. 1 (Popis mjesta snimanja po CD-u),CD 53,,cara,Čara,,"snimio Stjepan Stepanov, 1963.",https://stin.hr/portfolio-items/cd-51-60/#cd53
Popisni list br. 1 (Popis mjesta snimanja po CD-u),CD 53,,racisce,Račišće,,"snimio Stjepan Stepanov, 1963.",https://stin.hr/portfolio-items/cd-51-60/#cd53
Popisni list br. 1 (Popis mjesta snimanja po CD-u),CD 53,,zrnovo,Žrnovo,,"snimio Stjepan Stepanov, 1963.",https://stin.hr/portfolio-items/cd-51-60/#cd53
Popisni list br. 1 (Popis mjesta snimanja po CD-u),CD 53,,ston,Ston,,"snimio Stjepan Stepanov, 1963.",https://stin.hr/portfolio-items/cd-51-60/#cd53
Popisni list br. 1 (Popis mjesta snimanja po CD-u),CD 54,,omisalj,Omišalj,,"snimio Mate Lešćan, 1964. (presnimio S. Stepanov, 1976.)",https://stin.hr/portfolio-items/cd-51-60/#cd54
Popisni list br. 1 (Popis mjesta snimanja po CD-u),CD 55,,omisalj,Omišalj,,"snimio Mate Lešćan, 1964. (presnimio S. Stepanov, 1976.)",https://stin.hr/portfolio-items/cd-51-60/#cd55
Popisni list br. 1 (Popis mjesta snimanja po CD-u),CD 56,,kastel-stafilic,Kaštel Štafilić,,"snimio Stjepan Stepanov, 1964.",https://stin.hr/portfolio-items/cd-51-60/#cd56
Popisni list br. 1 (Popis mjesta snimanja po CD-u),CD 57,,kastel-stafilic,Kaštel Štafilić,,"snimio Stjepan Stepanov, 1964.",https://stin.hr/portfolio-items/cd-51-60/#cd57
Popisni list br. 1 (Popis mjesta snimanja po CD-u),CD 58,,kastel-stafilic,Kaštel Štafilić,,"snimio Stjepan Stepanov, 1964.",https://stin.hr/portfolio-items/cd-51-60/#cd58
Popisni list br. 1 (Popis mjesta snimanja po CD-u),CD 59,,kastel-stafilic,Kaštel Štafilić,,"snimio Stjepan Stepanov, 1964.",https://stin.hr/portfolio-items/cd-51-60/#cd59
Popisni list br. 1 (Popis mjesta snimanja po CD-u),CD 59,,kastel-kambelovac,Kaštel Kambelovac,,"snimio Stjepan Stepanov, 1964.",https://stin.hr/portfolio-items/cd-51-60/#cd59
Popisni list br. 1 (Popis mjesta snimanja po CD-u),CD 59,,kastel-stari,Kaštel Stari,,"snimio Stjepan Stepanov, 1964.",https://stin.hr/portfolio-items/cd-51-60/#cd59
Popisni list br. 1 (Popis mjesta snimanja po CD-u),CD 60,,kastel-stari,Kaštel Stari,,"snimio Stjepan Stepanov, 1964.",https://stin.hr/portfolio-items/cd-51-60/#cd60
Popisni list br. 1 (Popis mjesta snimanja po CD-u),CD 60,,kastel-sucurac,Kaštel Sućurac,,"snimio Stjepan Stepanov, 1964.",https://stin.hr/portfolio-items/cd-51-60/#cd60
Popisni list br. 1 (Popis mjesta snimanja po CD-u),CD 61,,kastel-sucurac,Kaštel Sućurac,,"snimio Stjepan Stepanov, 1964.",https://stin.hr/portfolio-items/cd-61-70/#cd61
Popisni list br. 1 (Popis mjesta snimanja po CD-u),CD 61,,vranjic,Vranjic,,"snimio Stjepan Stepanov, 1964.",https://stin.hr/portfolio-items/cd-61-70/#cd61
Popisni list br. 1 (Popis mjesta snimanja po CD-u),CD 62,,vranjic,Vranjic,,"snimio Stjepan Stepanov, 1964.",https://stin.hr/portfolio-items/cd-61-70/#cd62
Popisni list br. 1 (Popis mjesta snimanja po CD-u),CD 62,,kastel-luksic,Kaštel Lukšić,,"snimio Stjepan Stepanov, 1964.",https://stin.hr/portfolio-items/cd-61-70/#cd62
Popisni list br. 1 (Popis mjesta snimanja po CD-u),CD 62,,kastel-kambelovac,Kaštel Kambelovac,,"snimio Stjepan Stepanov, 1964.",https://stin.hr/portfolio-items/cd-61-70/#cd62
Popisni list br. 1 (Popis mjesta snimanja po CD-u),CD 63,,kastel-kambelovac,Kaštel Kambelovac,,"snimio Stjepan Stepanov, 1964.",https://stin.hr/portfolio-items/cd-61-70/#cd63
Popisni list br. 1 (Popis mjesta snimanja po CD-u),CD 63,,kastel-stari,Kaštel Stari,,"snimio Stjepan Stepanov, 1964.",https://stin.hr/portfolio-items/cd-61-70/#cd63
Popisni list br. 1 (Popis mjesta snimanja po CD-u),CD 64,,kastel-stari,Kaštel Stari,,"snimio Stjepan Stepanov, 1964.",https://stin.hr/portfolio-items/cd-61-70/#cd64
Popisni list br. 1 (Popis mjesta snimanja po CD-u),CD 64,,kastel-luksic,Kaštel Lukšić,,"snimio Stjepan Stepanov, 1964.",https://stin.hr/portfolio-items/cd-61-70/#cd64
Popisni list br. 1 (Popis mjesta snimanja po CD-u),CD 64,,kastel-kambelovac,Kaštel Kambelovac,,"snimio Stjepan Stepanov, 1964.",https://stin.hr/portfolio-items/cd-61-70/#cd64
Popisni list br. 1 (Popis mjesta snimanja po CD-u),CD 65,,kastel-kambelovac,Kaštel Kambelovac,,"snimio Stjepan Stepanov, 1964.",https://stin.hr/portfolio-items/cd-61-70/#cd65
Popisni list br. 1 (Popis mjesta snimanja po CD-u),CD 66,,pridraga,Pridraga,,"snimio Jerko Bezić, XI. 1964.",https://stin.hr/portfolio-items/cd-61-70/#cd66
Popisni list br. 1 (Popis mjesta snimanja po CD-u),CD 67,,pridraga,Pridraga,,"snimio Jerko Bezić, XI. 1964.",https://stin.hr/portfolio-items/cd-61-70/#cd67
Popisni list br. 1 (Popis mjesta snimanja po CD-u),CD 67,,pag-grad,Pag (grad),,"snimio Jerko Bezić, XI. 1964.",https://stin.hr/portfolio-items/cd-61-70/#cd67
Popisni list br. 1 (Popis mjesta snimanja po CD-u),CD 68,,pag-grad,Pag (grad),,"snimio Jerko Bezić, XI. 1964.",https://stin.hr/portfolio-items/cd-61-70/#cd68
Popisni list br. 1 (Popis mjesta snimanja po CD-u),CD 69,,pag-grad,Pag (grad),,"snimio Jerko Bezić, XI. 1964.",https://stin.hr/portfolio-items/cd-61-70/#cd69
Popisni list br. 1 (Popis mjesta snimanja po CD-u),CD 70,,pag-grad,Pag (grad),,"snimio Jerko Bezić, XI. 1964.",https://stin.hr/portfolio-items/cd-61-70/#cd70
Popisni list br. 1 (Popis mjesta snimanja po CD-u),CD 70,,novi-vinodolski,Novi Vinodolski,,"snimio Jerko Bezić, XI. 1964.",https://stin.hr/portfolio-items/cd-61-70/#cd70
Popisni list br. 1 (Popis mjesta snimanja po CD-u),CD 71,,novi-vinodolski,Novi Vinodolski,,"snimio Jerko Bezić, XI. 1964.",https://stin.hr/portfolio-items/cd-71-80/#cd71
Popisni list br. 1 (Popis mjesta snimanja po CD-u),CD 72,,novi-vinodolski,Novi Vinodolski,,"snimio Jerko Bezić, XI. 1964.",https://stin.hr/portfolio-items/cd-71-80/#cd72
Popisni list br. 1 (Popis mjesta snimanja po CD-u),CD 73,,petrcane,Petrčane,,"snimio Jerko Bezić, XI. 1964.",https://stin.hr/portfolio-items/cd-71-80/#cd73
Popisni list br. 1 (Popis mjesta snimanja po CD-u),CD 74,,orlec,Orlec,,"snimio Jerko Bezić, XI. 1964.",https://stin.hr/portfolio-items/cd-71-80/#cd74
Popisni list br. 1 (Popis mjesta snimanja po CD-u),CD 75,,orlec,Orlec,,"snimio Jerko Bezić, XI. 1964.",https://stin.hr/portfolio-items/cd-71-80/#cd75
Popisni list br. 1 (Popis mjesta snimanja po CD-u),CD 76,,rogoznica,Rogoznica,,"snimio Stjepan Stepanov, 1965.",https://stin.hr/portfolio-items/cd-71-80/#cd76
Popisni list br. 1 (Popis mjesta snimanja po CD-u),CD 77,,rogoznica,Rogoznica,,"snimio Stjepan Stepanov, 1965.",https://stin.hr/portfolio-items/cd-71-80/#cd77
Popisni list br. 1 (Popis mjesta snimanja po CD-u),CD 77,,primosten,Primošten,,"snimio Stjepan Stepanov, 1965.",https://stin.hr/portfolio-items/cd-71-80/#cd77
Popisni list br. 1 (Popis mjesta snimanja po CD-u),CD 78,,rogoznica,Rogoznica,,"snimio Stjepan Stepanov, 1965.",https://stin.hr/portfolio-items/cd-71-80/#cd78
Popisni list br. 1 (Popis mjesta snimanja po CD-u),CD 78,,komiza,Komiža,,"snimio Stjepan Stepanov, 1965.",https://stin.hr/portfolio-items/cd-71-80/#cd78
Popisni list br. 1 (Popis mjesta snimanja po CD-u),CD 79,,komiza,Komiža,,"snimio Stjepan Stepanov, 1965.",https://stin.hr/portfolio-items/cd-71-80/#cd79
Popisni list br. 1 (Popis mjesta snimanja po CD-u),CD 79,,vis-grad,Vis (grad),,"snimio Stjepan Stepanov, 1965.",https://stin.hr/portfolio-items/cd-71-80/#cd79
Popisni list br. 1 (Popis mjesta snimanja po CD-u),CD 80,,vis-grad,Vis (grad),"U izvoru 'Luka i Šepurine, otok Prvić'","snimio Stjepan Stepanov, 1965.",https://stin.hr/portfolio-items/cd-71-80/#cd80
Popisni list br. 1 (Popis mjesta snimanja po CD-u),CD 80,,prvic-luka,Prvić Luka,"U izvoru 'Luka i Šepurine, otok Prvić'","snimio Stjepan Stepanov, 1965.",https://stin.hr/portfolio-items/cd-71-80/#cd80
Popisni list br. 1 (Popis mjesta snimanja po CD-u),CD 80,,sepurine,Šepurine,"U izvoru 'Luka i Šepurine, otok Prvić'","snimio Stjepan Stepanov, 1965.",https://stin.hr/portfolio-items/cd-71-80/#cd80
Popisni list br. 1 (Popis mjesta snimanja po CD-u),CD 81,,prvic-luka,Prvić Luka,U izvoru 'Prvić i Šepurine',"snimio Stjepan Stepanov, 1965.",https://stin.hr/portfolio-items/cd-81-90/#cd81
Popisni list br. 1 (Popis mjesta snimanja po CD-u),CD 81,,sepurine,Šepurine,U izvoru 'Prvić i Šepurine',"snimio Stjepan Stepanov, 1965.",https://stin.hr/portfolio-items/cd-81-90/#cd81
Popisni list br. 1 (Popis mjesta snimanja po CD-u),CD 82,,sepurine,Šepurine,,"snimio Stjepan Stepanov, 1965.",https://stin.hr/portfolio-items/cd-81-90/#cd82
Popisni list br. 1 (Popis mjesta snimanja po CD-u),CD 82,,vodice,Vodice,,"snimio Stjepan Stepanov, 1965.",https://stin.hr/portfolio-items/cd-81-90/#cd82
Popisni list br. 1 (Popis mjesta snimanja po CD-u),CD 83,,vodice,Vodice,,"snimio Stjepan Stepanov, 1965.",https://stin.hr/portfolio-items/cd-81-90/#cd83
Popisni list br. 1 (Popis mjesta snimanja po CD-u),CD 84,,duce-rogac,Duće – Rogač,,"snimio Stjepan Stepanov, 1972.",https://stin.hr/portfolio-items/cd-81-90/#cd84
Popisni list br. 1 (Popis mjesta snimanja po CD-u),CD 85,,podstrana,Podstrana (Sv. Martin – Šćadine),Sv. Martin – Šćadine,"snimio Stjepan Stepanov, 1972.",https://stin.hr/portfolio-items/cd-81-90/#cd85
Popisni list br. 1 (Popis mjesta snimanja po CD-u),CD 86,,podstrana,Podstrana (Sv. Martin – Šćadine),Sv. Martin – Šćadine,"snimio Stjepan Stepanov, 1972.",https://stin.hr/portfolio-items/cd-81-90/#cd86
Popisni list br. 1 (Popis mjesta snimanja po CD-u),CD 87,,gata,Gata,,"snimio Stjepan Stepanov, 1972.",https://stin.hr/portfolio-items/cd-81-90/#cd87
Popisni list br. 1 (Popis mjesta snimanja po CD-u),CD 88,,tugare,Tugare,,"snimio Stjepan Stepanov, 1972.",https://stin.hr/portfolio-items/cd-81-90/#cd88
Popisni list br. 1 (Popis mjesta snimanja po CD-u),CD 89,,tugare,Tugare,,"snimio Stjepan Stepanov, 1972.",https://stin.hr/portfolio-items/cd-81-90/#cd89
Popisni list br. 1 (Popis mjesta snimanja po CD-u),CD 90,,srijane,Srijane – Vela Njiva,Srijane – Vela Njiva,"snimio Stjepan Stepanov, 1972.",https://stin.hr/portfolio-items/cd-81-90/#cd90
Popisni list br. 1 (Popis mjesta snimanja po CD-u),CD 91,,jesenice-sumpetar,Jesenice – Sumpetar,,"snimio Stjepan Stepanov, 1972.",https://stin.hr/portfolio-items/cd-91-100/#cd91
Popisni list br. 1 (Popis mjesta snimanja po CD-u),CD 92,,jesenice-sumpetar,Jesenice – Sumpetar,,"snimio Stjepan Stepanov, 1972.",https://stin.hr/portfolio-items/cd-91-100/#cd92
Popisni list br. 1 (Popis mjesta snimanja po CD-u),CD 93,,jesenice-sumpetar,Jesenice – Sumpetar,,"snimio Stjepan Stepanov, 1972.",https://stin.hr/portfolio-items/cd-91-100/#cd93
Popisni list br. 1 (Popis mjesta snimanja po CD-u),CD 94,,jesenice-sumpetar,Jesenice – Sumpetar,,"snimio Stjepan Stepanov, 1972.",https://stin.hr/portfolio-items/cd-91-100/#cd94
Popisni list br. 1 (Popis mjesta snimanja po CD-u),CD 95,,jesenice-sumpetar,Jesenice – Sumpetar,,"snimio Stjepan Stepanov, 1972.",https://stin.hr/portfolio-items/cd-91-100/#cd95
Popisni list br. 1 (Popis mjesta snimanja po CD-u),CD 96,,kostanje,Kostanje,,"snimio Stjepan Stepanov, 1972.",https://stin.hr/portfolio-items/cd-91-100/#cd96
Popisni list br. 1 (Popis mjesta snimanja po CD-u),CD 97,,kostanje,Kostanje,,"snimio Stjepan Stepanov, 1972.",https://stin.hr/portfolio-items/cd-91-100/#cd97
Popisni list br. 1 (Popis mjesta snimanja po CD-u),CD 98,,kostanje,Kostanje,,"snimio Stjepan Stepanov, 1972.",https://stin.hr/portfolio-items/cd-91-100/#cd98
Popisni list br. 1 (Popis mjesta snimanja po CD-u),CD 99,,kostanje,Kostanje,,"snimio Stjepan Stepanov, 1972.",https://stin.hr/portfolio-items/cd-91-100/#cd99
Popisni list br. 1 (Popis mjesta snimanja po CD-u),CD 100 A,,vrbnik,Vrbnik,,"snimio Mate Lešćan, 1972. (presnimio S. Stepanov, 1976.)",https://stin.hr/portfolio-items/cd-91-100/#cd100
Popisni list br. 1 (Popis mjesta snimanja po CD-u),CD 100 B,,vrbnik,Vrbnik,,"snimio Mate Lešćan, 1972. (presnimio S. Stepanov, 1976.)",https://stin.hr/portfolio-items/cd-91-100/#cd100
Popisni list br. 1 (Popis mjesta snimanja po CD-u),CD 100 C,,vrbnik,Vrbnik,,"snimio Mate Lešćan, 1972. (presnimio S. Stepanov, 1976.)",https://stin.hr/portfolio-items/cd-91-100/#cd100
Popisni list br. 1 (Popis mjesta snimanja po CD-u),CD 100 C,,baska-draga,Baška Draga (Draga Bašćanska),,"snimio Mate Lešćan, 1972. (presnimio S. Stepanov, 1976.)",https://stin.hr/portfolio-items/cd-91-100/#cd100
Popisni list br. 1 (Popis mjesta snimanja po CD-u),CD 100 C,,jurandvor,Jurandvor,,"snimio Mate Lešćan, 1972. (presnimio S. Stepanov, 1976.)",https://stin.hr/portfolio-items/cd-91-100/#cd100
Popisni list br. 1 (Popis mjesta snimanja po CD-u),CD 101,,skrpcici,Skrpčići (župa Linardići),,"snimio Stjepan Stepanov, 1973.",https://stin.hr/portfolio-items/cd-101-110/#cd101
Popisni list br. 1 (Popis mjesta snimanja po CD-u),CD 102,,skrpcici,Skrpčići (župa Linardići),,"snimio Stjepan Stepanov, 1973.",https://stin.hr/portfolio-items/cd-101-110/#cd102
Popisni list br. 1 (Popis mjesta snimanja po CD-u),CD 103,,sv-vid,Sveti Vid (Sv. Vid-Miholjice),,"snimio Stjepan Stepanov, 1973.",https://stin.hr/portfolio-items/cd-101-110/#cd103
Popisni list br. 1 (Popis mjesta snimanja po CD-u),CD 104,,bogovici,Bogovići (Dubašnica),,"snimio Stjepan Stepanov, 1973.",https://stin.hr/portfolio-items/cd-101-110/#cd104
Popisni list br. 1 (Popis mjesta snimanja po CD-u),CD 105,,kras,Kras,,"snimio Stjepan Stepanov, 1973.",https://stin.hr/portfolio-items/cd-101-110/#cd105
Popisni list br. 1 (Popis mjesta snimanja po CD-u),CD 106,,kras,Kras,,"snimio Stjepan Stepanov, 1973.",https://stin.hr/portfolio-items/cd-101-110/#cd106
Popisni list br. 1 (Popis mjesta snimanja po CD-u),CD 106,,rasopasno,Rasopasno,,"snimio Stjepan Stepanov, 1973.",https://stin.hr/portfolio-items/cd-101-110/#cd106
Popisni list br. 1 (Popis mjesta snimanja po CD-u),CD 107,,dobrinj,Dobrinj,,"snimio Stjepan Stepanov, 1973.",https://stin.hr/portfolio-items/cd-101-110/#cd107
Popisni list br. 1 (Popis mjesta snimanja po CD-u),CD 108,,poljica-krk,Poljica (Krk),,"snimio Stjepan Stepanov, 1973.",https://stin.hr/portfolio-items/cd-101-110/#cd108
Popisni list br. 1 (Popis mjesta snimanja po CD-u),CD 109,,vrh,Vrh,,"snimio Stjepan Stepanov, 1973.",https://stin.hr/portfolio-items/cd-101-110/#cd109
Popisni list br. 1 (Popis mjesta snimanja po CD-u),CD 110,,baska,Baška,,"snimio Stjepan Stepanov, 1973.",https://stin.hr/portfolio-items/cd-101-110/#cd110
Popisni list br. 1 (Popis mjesta snimanja po CD-u),CD 111,,jurandvor,Jurandvor,,"snimio Stjepan Stepanov, 1973.",https://stin.hr/portfolio-items/cd-111-120/#cd111
Popisni list br. 1 (Popis mjesta snimanja po CD-u),CD 112,,punat,Punat,,"snimio Stjepan Stepanov, 1973.",https://stin.hr/portfolio-items/cd-111-120/#cd112
Popisni list br. 1 (Popis mjesta snimanja po CD-u),CD 113,,punat,Punat,,"snimio Stjepan Stepanov, 1973.",https://stin.hr/portfolio-items/cd-111-120/#cd113
Popisni list br. 1 (Popis mjesta snimanja po CD-u),CD 114,,risika,Risika,,"snimio Stjepan Stepanov, 1973.",https://stin.hr/portfolio-items/cd-111-120/#cd114
Popisni list br. 1 (Popis mjesta snimanja po CD-u),CD 115,,baska-draga,Baška Draga (Draga Bašćanska),,"snimio Stjepan Stepanov, 1973.",https://stin.hr/portfolio-items/cd-111-120/#cd115
Popisni list br. 1 (Popis mjesta snimanja po CD-u),CD 116,,baska-draga,Baška Draga (Draga Bašćanska),,"snimio Stjepan Stepanov, 1973.",https://stin.hr/portfolio-items/cd-111-120/#cd116
Popisni list br. 1 (Popis mjesta snimanja po CD-u),CD 117,,bogovici,Bogovići (Dubašnica),,"snimio Nikola Radić, 1960. (presnimio S. Stepanov, 1973.)",https://stin.hr/portfolio-items/cd-111-120/#cd117
Popisni list br. 1 (Popis mjesta snimanja po CD-u),CD 118,,bogovici,Bogovići (Dubašnica),,"snimio Nikola Radić, 1960. (presnimio S. Stepanov, 1973.)",https://stin.hr/portfolio-items/cd-111-120/#cd118
Popisni list br. 1 (Popis mjesta snimanja po CD-u),CD 119,,omisalj,Omišalj,,"snimio Nikola Radić, 1969. (presnimio S. Stepanov, 1973.)",https://stin.hr/portfolio-items/cd-111-120/#cd119
Popisni list br. 1 (Popis mjesta snimanja po CD-u),CD 120,,omisalj,Omišalj,,"snimio Nikola Radić, 1969. (presnimio S. Stepanov, 1973.)",https://stin.hr/portfolio-items/cd-111-120/#cd120
Popisni list br. 1 (Popis mjesta snimanja po CD-u),CD 120,,vrbnik,Vrbnik,,"snimio Nikola Radić, 1969. (presnimio S. Stepanov, 1973.)",https://stin.hr/portfolio-items/cd-111-120/#cd120
Popisni list br. 1 (Popis mjesta snimanja po CD-u),CD 121,,vrbnik,Vrbnik,,"snimio Ivan Kirinčić, 1960. (presnimio S. Stepanov, 1973.)",https://stin.hr/portfolio-items/cd-121-130/#cd121
Popisni list br. 1 (Popis mjesta snimanja po CD-u),CD 122,,vrbnik,Vrbnik,,"snimio Ivan Kirinčić, 1960. (presnimio S. Stepanov, 1973.)",https://stin.hr/portfolio-items/cd-121-130/#cd122
Popisni list br. 1 (Popis mjesta snimanja po CD-u),CD 123,,vrbnik,Vrbnik,,"snimio Ivan Kirinčić, 1960. (presnimio S. Stepanov, 1973.)",https://stin.hr/portfolio-items/cd-121-130/#cd123
Popisni list br. 1 (Popis mjesta snimanja po CD-u),CD 124,,baska-voda,Baška Voda,,"snimio Stjepan Stepanov, 1974.",https://stin.hr/portfolio-items/cd-121-130/#cd124
Popisni list br. 1 (Popis mjesta snimanja po CD-u),CD 124,,tucepi,Tučepi,,"snimio Stjepan Stepanov, 1974.",https://stin.hr/portfolio-items/cd-121-130/#cd124
Popisni list br. 1 (Popis mjesta snimanja po CD-u),CD 125,,tucepi,Tučepi,,"snimio Stjepan Stepanov, 1974.",https://stin.hr/portfolio-items/cd-121-130/#cd125
Popisni list br. 1 (Popis mjesta snimanja po CD-u),CD 125,,podgora,Podgora,,"snimio Stjepan Stepanov, 1974.",https://stin.hr/portfolio-items/cd-121-130/#cd125
Popisni list br. 1 (Popis mjesta snimanja po CD-u),CD 125,,veliko-brdo,Veliko Brdo,,"snimio Stjepan Stepanov, 1974.",https://stin.hr/portfolio-items/cd-121-130/#cd125
Popisni list br. 1 (Popis mjesta snimanja po CD-u),CD 126,,veliko-brdo,Veliko Brdo,U izvoru 'Drivenik' — vjerojatno Drvenik,"snimio Stjepan Stepanov, 1974.",https://stin.hr/portfolio-items/cd-121-130/#cd126
Popisni list br. 1 (Popis mjesta snimanja po CD-u),CD 126,,drvenik-makarska,Drvenik (Makarsko primorje),U izvoru 'Drivenik' — vjerojatno Drvenik,"snimio Stjepan Stepanov, 1974.",https://stin.hr/portfolio-items/cd-121-130/#cd126
Popisni list br. 1 (Popis mjesta snimanja po CD-u),CD 126,,zaostrog,Zaostrog,U izvoru 'Drivenik' — vjerojatno Drvenik,"snimio Stjepan Stepanov, 1974.",https://stin.hr/portfolio-items/cd-121-130/#cd126
Popisni list br. 1 (Popis mjesta snimanja po CD-u),CD 127,,zaostrog,Zaostrog,,"snimio Stjepan Stepanov, 1974.",https://stin.hr/portfolio-items/cd-121-130/#cd127
Popisni list br. 1 (Popis mjesta snimanja po CD-u),CD 127,,podaca,Podaca,,"snimio Stjepan Stepanov, 1974.",https://stin.hr/portfolio-items/cd-121-130/#cd127
Popisni list br. 1 (Popis mjesta snimanja po CD-u),CD 127,,brist,Brist,,"snimio Stjepan Stepanov, 1974.",https://stin.hr/portfolio-items/cd-121-130/#cd127
Popisni list br. 1 (Popis mjesta snimanja po CD-u),CD 128,,brist,Brist,,"snimio Stjepan Stepanov, 1974.",https://stin.hr/portfolio-items/cd-121-130/#cd128
Popisni list br. 1 (Popis mjesta snimanja po CD-u),CD 128,,makarska,Makarska,,"snimio Stjepan Stepanov, 1974.",https://stin.hr/portfolio-items/cd-121-130/#cd128
Popisni list br. 1 (Popis mjesta snimanja po CD-u),CD 129,,zivogosce,Živogošće,,"snimio Stjepan Stepanov, 1974.",https://stin.hr/portfolio-items/cd-121-130/#cd129
Popisni list br. 1 (Popis mjesta snimanja po CD-u),CD 129,,bast,Bast,,"snimio Stjepan Stepanov, 1974.",https://stin.hr/portfolio-items/cd-121-130/#cd129
Popisni list br. 1 (Popis mjesta snimanja po CD-u),CD 130,,brela-donja,Brela Donja,,"snimio Stjepan Stepanov, 1974.",https://stin.hr/portfolio-items/cd-121-130/#cd130
Popisni list br. 1 (Popis mjesta snimanja po CD-u),CD 130,,igrane,Igrane,,"snimio Stjepan Stepanov, 1974.",https://stin.hr/portfolio-items/cd-121-130/#cd130
Popisni list br. 1 (Popis mjesta snimanja po CD-u),CD 130,,drasnice,Drašnice,,"snimio Stjepan Stepanov, 1974.",https://stin.hr/portfolio-items/cd-121-130/#cd130
Popisni list br. 1 (Popis mjesta snimanja po CD-u),CD 131,,vinjani,Vinjani,"Prema popisu fonoteke: Vinjani, Runović–Zmijavci, Runović–Središna, Proložac","snimio Stjepan Stepanov, 1975.",https://stin.hr/portfolio-items/cd-131-140/#cd131
Popisni list br. 1 (Popis mjesta snimanja po CD-u),CD 131,,runovici,Runovići,"Prema popisu fonoteke: Vinjani, Runović–Zmijavci, Runović–Središna, Proložac","snimio Stjepan Stepanov, 1975.",https://stin.hr/portfolio-items/cd-131-140/#cd131
Popisni list br. 1 (Popis mjesta snimanja po CD-u),CD 131,,zmijavci,Zmijavci,"Prema popisu fonoteke: Vinjani, Runović–Zmijavci, Runović–Središna, Proložac","snimio Stjepan Stepanov, 1975.",https://stin.hr/portfolio-items/cd-131-140/#cd131
Popisni list br. 1 (Popis mjesta snimanja po CD-u),CD 131,,sredisna,Središna (Runovići),"Prema popisu fonoteke: Vinjani, Runović–Zmijavci, Runović–Središna, Proložac","snimio Stjepan Stepanov, 1975.",https://stin.hr/portfolio-items/cd-131-140/#cd131
Popisni list br. 1 (Popis mjesta snimanja po CD-u),CD 131,,prolozac,Proložac,"Prema popisu fonoteke: Vinjani, Runović–Zmijavci, Runović–Središna, Proložac","snimio Stjepan Stepanov, 1975.",https://stin.hr/portfolio-items/cd-131-140/#cd131
Popisni list br. 1 (Popis mjesta snimanja po CD-u),CD 132,,prolozac,Proložac,Nije naveden u web-popisu; dopunjeno prema PDF popisu fonoteke (stin.hr),"snimio Stjepan Stepanov, 1975.",https://stin.hr/portfolio-items/cd-131-140/#cd132
Popisni list br. 1 (Popis mjesta snimanja po CD-u),CD 132,,vrgorac,Vrgorac,Nije naveden u web-popisu; dopunjeno prema PDF popisu fonoteke (stin.hr),"snimio Stjepan Stepanov, 1975.",https://stin.hr/portfolio-items/cd-131-140/#cd132
Popisni list br. 1 (Popis mjesta snimanja po CD-u),CD 132,,kozica,Kozica,Nije naveden u web-popisu; dopunjeno prema PDF popisu fonoteke (stin.hr),"snimio Stjepan Stepanov, 1975.",https://stin.hr/portfolio-items/cd-131-140/#cd132
Popisni list br. 1 (Popis mjesta snimanja po CD-u),CD 132,,zupa-biokovska,Župa Biokovska,Nije naveden u web-popisu; dopunjeno prema PDF popisu fonoteke (stin.hr),"snimio Stjepan Stepanov, 1975.",https://stin.hr/portfolio-items/cd-131-140/#cd132
Popisni list br. 1 (Popis mjesta snimanja po CD-u),CD 133,,zupa-biokovska,Župa Biokovska,,"snimio Stjepan Stepanov, 1975.",https://stin.hr/portfolio-items/cd-131-140/#cd133
Popisni list br. 1 (Popis mjesta snimanja po CD-u),CD 133,,zagvozd,Zagvozd,,"snimio Stjepan Stepanov, 1975.",https://stin.hr/portfolio-items/cd-131-140/#cd133
Popisni list br. 1 (Popis mjesta snimanja po CD-u),CD 133,,imotski,Imotski,,"snimio Stjepan Stepanov, 1975.",https://stin.hr/portfolio-items/cd-131-140/#cd133
Popisni list br. 1 (Popis mjesta snimanja po CD-u),CD 133,,poljica-imotska,Poljica Imotska,,"snimio Stjepan Stepanov, 1975.",https://stin.hr/portfolio-items/cd-131-140/#cd133
Popisni list br. 1 (Popis mjesta snimanja po CD-u),CD 134,,ricice,Ričice,,"snimio Stjepan Stepanov, 1975.",https://stin.hr/portfolio-items/cd-131-140/#cd134
Popisni list br. 1 (Popis mjesta snimanja po CD-u),CD 134,,studenci,Studenci,,"snimio Stjepan Stepanov, 1975.",https://stin.hr/portfolio-items/cd-131-140/#cd134
Popisni list br. 1 (Popis mjesta snimanja po CD-u),CD 134,,imotski,Imotski,,"snimio Stjepan Stepanov, 1975.",https://stin.hr/portfolio-items/cd-131-140/#cd134
Popisni list br. 1 (Popis mjesta snimanja po CD-u),CD 135,,imotski,Imotski,"U izvoru naveden dvaput (jednom kao 'Rogoznica – Lokva', jednom kao 'Rogoznica')","snimio Stjepan Stepanov, 1975.",https://stin.hr/portfolio-items/cd-131-140/#cd135
Popisni list br. 1 (Popis mjesta snimanja po CD-u),CD 135,,podbablje,Podbablje,"U izvoru naveden dvaput (jednom kao 'Rogoznica – Lokva', jednom kao 'Rogoznica')","snimio Stjepan Stepanov, 1975.",https://stin.hr/portfolio-items/cd-131-140/#cd135
Popisni list br. 1 (Popis mjesta snimanja po CD-u),CD 135,,lokvicici,Lokvičići,"U izvoru naveden dvaput (jednom kao 'Rogoznica – Lokva', jednom kao 'Rogoznica')","snimio Stjepan Stepanov, 1975.",https://stin.hr/portfolio-items/cd-131-140/#cd135
Popisni list br. 1 (Popis mjesta snimanja po CD-u),CD 135,,cista-velika,Cista Velika,"U izvoru naveden dvaput (jednom kao 'Rogoznica – Lokva', jednom kao 'Rogoznica')","snimio Stjepan Stepanov, 1975.",https://stin.hr/portfolio-items/cd-131-140/#cd135
Popisni list br. 1 (Popis mjesta snimanja po CD-u),CD 135,,rogoznica-lokva,Rogoznica – Lokva (Lokva Rogoznica),"U izvoru naveden dvaput (jednom kao 'Rogoznica – Lokva', jednom kao 'Rogoznica')","snimio Stjepan Stepanov, 1975.",https://stin.hr/portfolio-items/cd-131-140/#cd135
Popisni list br. 1 (Popis mjesta snimanja po CD-u),CD 135,,katuni-kresevo,Katuni – Kreševo,"U izvoru naveden dvaput (jednom kao 'Rogoznica – Lokva', jednom kao 'Rogoznica')","snimio Stjepan Stepanov, 1975.",https://stin.hr/portfolio-items/cd-131-140/#cd135
Popisni list br. 1 (Popis mjesta snimanja po CD-u),CD 136,,katuni-kresevo,Katuni – Kreševo,,"snimio Stjepan Stepanov, 1975.",https://stin.hr/portfolio-items/cd-131-140/#cd136
Popisni list br. 1 (Popis mjesta snimanja po CD-u),CD 136,,blato-na-cetini,Blato na Cetini,,"snimio Stjepan Stepanov, 1975.",https://stin.hr/portfolio-items/cd-131-140/#cd136
Popisni list br. 1 (Popis mjesta snimanja po CD-u),CD 136,,slime,Slime,,"snimio Stjepan Stepanov, 1975.",https://stin.hr/portfolio-items/cd-131-140/#cd136
Popisni list br. 1 (Popis mjesta snimanja po CD-u),CD 136,,zadvarje,Zadvarje,,"snimio Stjepan Stepanov, 1975.",https://stin.hr/portfolio-items/cd-131-140/#cd136
Popisni list br. 1 (Popis mjesta snimanja po CD-u),CD 136,,krstatice,Krstatice,,"snimio Stjepan Stepanov, 1975.",https://stin.hr/portfolio-items/cd-131-140/#cd136
Popisni list br. 1 (Popis mjesta snimanja po CD-u),CD 137,,donje-sitno,Donje Sitno,Donje Sitno (Poljica),"snimio Stjepan Stepanov, 1960. (darovano fonoteci 1975.)",https://stin.hr/portfolio-items/cd-131-140/#cd137
Popisni list br. 1 (Popis mjesta snimanja po CD-u),CD 138,,otok-pag,Otok Pag (općenito),U izvoru samo 'Pag i Krk' — bez naselja,"snimio dr. V. Žganec, 1964.",https://stin.hr/portfolio-items/cd-131-140/#cd138
Popisni list br. 1 (Popis mjesta snimanja po CD-u),CD 138,,otok-krk,Otok Krk (općenito),U izvoru samo 'Pag i Krk' — bez naselja,"snimio dr. V. Žganec, 1964.",https://stin.hr/portfolio-items/cd-131-140/#cd138
Popisni list br. 1 (Popis mjesta snimanja po CD-u),CD 139 A,,otok-krk,Otok Krk (općenito),U izvoru samo 'Otok Krk',"snimio dr. V. Žganec, 1964.",https://stin.hr/portfolio-items/cd-131-140/#cd139
Popisni list br. 1 (Popis mjesta snimanja po CD-u),CD 139 B,,otok-krk,Otok Krk (općenito),U izvoru samo 'Otok Krk',"snimio dr. V. Žganec, 1964.",https://stin.hr/portfolio-items/cd-131-140/#cd139
Popisni list br. 1 (Popis mjesta snimanja po CD-u),CD 140,,novalja,Novalja,U izvoru 'Sestrun' i 'Cres' (bez naselja),"snimio Jerko Bezić, 1964.",https://stin.hr/portfolio-items/cd-131-140/#cd140
Popisni list br. 1 (Popis mjesta snimanja po CD-u),CD 140,,novi-vinodolski,Novi Vinodolski,U izvoru 'Sestrun' i 'Cres' (bez naselja),"snimio Jerko Bezić, 1964.",https://stin.hr/portfolio-items/cd-131-140/#cd140
Popisni list br. 1 (Popis mjesta snimanja po CD-u),CD 140,,cres-grad,Cres,U izvoru 'Sestrun' i 'Cres' (bez naselja),"snimio Jerko Bezić, 1964.",https://stin.hr/portfolio-items/cd-131-140/#cd140
Popisni list br. 1 (Popis mjesta snimanja po CD-u),CD 140,,sestrunj,Sestrunj,U izvoru 'Sestrun' i 'Cres' (bez naselja),"snimio Jerko Bezić, 1964.",https://stin.hr/portfolio-items/cd-131-140/#cd140
Popisni list br. 1 (Popis mjesta snimanja po CD-u),CD 140,,sukosan,Sukošan,U izvoru 'Sestrun' i 'Cres' (bez naselja),"snimio Jerko Bezić, 1964.",https://stin.hr/portfolio-items/cd-131-140/#cd140
Popisni list br. 1 (Popis mjesta snimanja po CD-u),CD 141,,posedarje,Posedarje,Zadarsko područje,"snimio Josip Milić, 1975. (presnimio S. Stepanov, 1976.)",https://stin.hr/portfolio-items/cd-141-152/#cd141
Popisni list br. 1 (Popis mjesta snimanja po CD-u),CD 142,,,(mjesto nije navedeno),Mjesto snimanja nije navedeno; samo 'Izbor: Jerko Bezić',snimio Jerko Bezić (izbor presnimaka),https://stin.hr/portfolio-items/cd-141-152/#cd142
Popisni list br. 1 (Popis mjesta snimanja po CD-u),CD 143,,komin,Komin,,"snimio Stjepan Stepanov, 1976.",https://stin.hr/portfolio-items/cd-141-152/#cd143
Popisni list br. 1 (Popis mjesta snimanja po CD-u),CD 143,,bagalovic,Bagalović,,"snimio Stjepan Stepanov, 1976.",https://stin.hr/portfolio-items/cd-141-152/#cd143
Popisni list br. 1 (Popis mjesta snimanja po CD-u),CD 144,,bagalovic,Bagalović,,"snimio Stjepan Stepanov, 1976.",https://stin.hr/portfolio-items/cd-141-152/#cd144
Popisni list br. 1 (Popis mjesta snimanja po CD-u),CD 144,,vid,Vid,,"snimio Stjepan Stepanov, 1976.",https://stin.hr/portfolio-items/cd-141-152/#cd144
Popisni list br. 1 (Popis mjesta snimanja po CD-u),CD 145,,opuzen,Opuzen,,"snimio Stjepan Stepanov, 1976.",https://stin.hr/portfolio-items/cd-141-152/#cd145
Popisni list br. 1 (Popis mjesta snimanja po CD-u),CD 146,,opuzen,Opuzen,,"snimio Stjepan Stepanov, 1976.",https://stin.hr/portfolio-items/cd-141-152/#cd146
Popisni list br. 1 (Popis mjesta snimanja po CD-u),CD 146,,vidonje,Vidonje,,"snimio Stjepan Stepanov, 1976.",https://stin.hr/portfolio-items/cd-141-152/#cd146
Popisni list br. 1 (Popis mjesta snimanja po CD-u),CD 147,,vidonje,Vidonje,,"snimio Stjepan Stepanov, 1976.",https://stin.hr/portfolio-items/cd-141-152/#cd147
Popisni list br. 1 (Popis mjesta snimanja po CD-u),CD 147,,metkovic,Metković,,"snimio Stjepan Stepanov, 1976.",https://stin.hr/portfolio-items/cd-141-152/#cd147
Popisni list br. 1 (Popis mjesta snimanja po CD-u),CD 148,,metkovic,Metković,,"snimio Stjepan Stepanov, 1976.",https://stin.hr/portfolio-items/cd-141-152/#cd148
Popisni list br. 1 (Popis mjesta snimanja po CD-u),CD 148,,slivno-ravno,Slivno-Ravno,,"snimio Stjepan Stepanov, 1976.",https://stin.hr/portfolio-items/cd-141-152/#cd148
Popisni list br. 1 (Popis mjesta snimanja po CD-u),CD 148,,rogotin,Rogotin,,"snimio Stjepan Stepanov, 1976.",https://stin.hr/portfolio-items/cd-141-152/#cd148
Popisni list br. 1 (Popis mjesta snimanja po CD-u),CD 149,,rogotin,Rogotin,,"snimio Stjepan Stepanov, 1976.",https://stin.hr/portfolio-items/cd-141-152/#cd149
Popisni list br. 1 (Popis mjesta snimanja po CD-u),CD 149,,bijeli-vir,Bijeli Vir,,"snimio Stjepan Stepanov, 1976.",https://stin.hr/portfolio-items/cd-141-152/#cd149
Popisni list br. 1 (Popis mjesta snimanja po CD-u),CD 150,,bijeli-vir,Bijeli Vir,,"snimio Stjepan Stepanov, 1976.",https://stin.hr/portfolio-items/cd-141-152/#cd150
Popisni list br. 1 (Popis mjesta snimanja po CD-u),CD 150,,veljaci-grab-sinac,Veljaci – Grab – Sinac,,"snimio Stjepan Stepanov, 1976.",https://stin.hr/portfolio-items/cd-141-152/#cd150
Popisni list br. 1 (Popis mjesta snimanja po CD-u),CD 151,,trebizat,Trebižat,Desne i Borovci: Dalmacija; Trebižat: Hercegovina,"snimio Stjepan Stepanov, 1976.",https://stin.hr/portfolio-items/cd-141-152/#cd151
Popisni list br. 1 (Popis mjesta snimanja po CD-u),CD 151,,desne,Desne,Desne i Borovci: Dalmacija; Trebižat: Hercegovina,"snimio Stjepan Stepanov, 1976.",https://stin.hr/portfolio-items/cd-141-152/#cd151
Popisni list br. 1 (Popis mjesta snimanja po CD-u),CD 151,,borovci,Borovci,Desne i Borovci: Dalmacija; Trebižat: Hercegovina,"snimio Stjepan Stepanov, 1976.",https://stin.hr/portfolio-items/cd-141-152/#cd151
Popisni list br. 1 (Popis mjesta snimanja po CD-u),CD 152,,ploce,Ploče,,"snimio Stjepan Stepanov, 1976.",https://stin.hr/portfolio-items/cd-141-152/#cd152
Popisni list br. 1 (Popis mjesta snimanja po CD-u),CD 152,,capljina,Čapljina,,"snimio Stjepan Stepanov, 1976.",https://stin.hr/portfolio-items/cd-141-152/#cd152
Popis 2 (Otok Brač),red. br. 1,,pucisca,Pučišća,,,https://stin.hr/portfolio-items/brac/#pucisca
Popis 2 (Otok Brač),red. br. 2,,gornji-humac,Gornji Humac,,,https://stin.hr/portfolio-items/brac/#gornji-humac
Popis 2 (Otok Brač),red. br. 3,,donji-humac,Donji Humac,,,https://stin.hr/portfolio-items/brac/#donji-humac
Popis 2 (Otok Brač),red. br. 4,,praznice,Pražnice,,,https://stin.hr/portfolio-items/brac/
Popis 2 (Otok Brač),red. br. 5,,dol-brac,Dol,,,https://stin.hr/portfolio-items/brac/#dol
Popis 2 (Otok Brač),red. br. 5b,,postira,Postira,,,https://stin.hr/portfolio-items/brac/#postira
Popis 2 (Otok Brač),red. br. 6,,splitska,Splitska,,,https://stin.hr/portfolio-items/brac/#splitska
Popis 2 (Otok Brač),red. br. 7,,supetar,Supetar,,,https://stin.hr/portfolio-items/brac/#supetar
Popis 2 (Otok Brač),red. br. 7b,,selca,Selca,,,https://stin.hr/portfolio-items/brac/#selca
Popis 2 (Otok Brač),red. br. 8,,novo-selo-brac,Novo Selo,,,https://stin.hr/portfolio-items/brac/#novo-selo
Popis 2 (Otok Brač),red. br. 9,,skrip,Škrip,,,https://stin.hr/portfolio-items/brac/#skrip
Popis 2 (Otok Brač),red. br. 10,,nerezisca,Nerežišća,,,https://stin.hr/portfolio-items/brac/#nerezisca
Popis 2 (Otok Brač),red. br. 11,,bol,Bol,,,https://stin.hr/portfolio-items/brac/#bol
Popis 2 (Otok Hvar),red. br. 1,,stari-grad-hvar,Stari Grad,,,https://stin.hr/portfolio-items/1-stari-grad/
Popis 2 (Otok Hvar),red. br. 2,,vrboska,Vrboska,,,https://stin.hr/portfolio-items/2-vrboska/
Popis 2 (Otok Hvar),red. br. 3,,vrbanj,Vrbanj,,,https://stin.hr/portfolio-items/3-vrbanj/
Popis 2 (Otok Hvar),red. br. 4,,vrisnik,Vrisnik,,,https://stin.hr/portfolio-items/4-vrisnik/
Popis 2 (Otok Hvar),red. br. 5,,svirce,Svirče,,,https://stin.hr/portfolio-items/5-svirce/
Popis 2 (Otok Hvar),red. br. 6,,jelsa,Jelsa,,,https://stin.hr/portfolio-items/6-jelsa/
Popis 2 (Otok Hvar),red. br. 7,,pitve,Pitve,,,https://stin.hr/portfolio-items/7-pitve/
Popis 2 (Šire splitsko područje),red. br. 1,,veli-varos,Veli Varoš (Split),,,https://stin.hr/portfolio-items/splitsko-podrucje/#veli-varos
Popis 2 (Šire splitsko područje),red. br. 2,,solin,Solin,,,https://stin.hr/portfolio-items/splitsko-podrucje/#solin
Popis 2 (Šire splitsko područje),red. br. 3,,vranjic,Vranjic,,,https://stin.hr/portfolio-items/splitsko-podrucje/#vranjic
Popis 2 (Šire splitsko područje),red. br. 4a,,trogir,Trogir,U kazalu 'Trogir – Solin'; u tekstu nedostaje zaseban popis napjeva,,https://stin.hr/portfolio-items/splitsko-podrucje/#trogir
Popis 2 (Šire splitsko područje),red. br. 4b,,stobrec,Stobreč,,,https://stin.hr/portfolio-items/splitsko-podrucje/#stobrec
Popis 2 (Šire splitsko područje),red. br. 5,,trogir,Trogir,,,https://stin.hr/portfolio-items/splitsko-podrucje/#trogir
Popis 2 (Šire splitsko područje),red. br. 6,,klis,Klis,,,https://stin.hr/portfolio-items/splitsko-podrucje/#klis
Popis 2 (Šire splitsko područje),red. br. 7,,gornje-selo-solta,Gornje Selo,Otok Šolta,,https://stin.hr/portfolio-items/solta/
Popis 2 (Šire splitsko područje),red. br. 8,,kastel-stafilic,Kaštel Štafilić,,,https://stin.hr/portfolio-items/splitsko-podrucje/#kastel-stafilic
Popis 2 (Šire splitsko područje),red. br. 9,,kastel-novi,Kaštel Novi,,,https://stin.hr/portfolio-items/splitsko-podrucje/#kastel-novi
Popis 2 (Šire splitsko područje),red. br. 10,,kastel-stari,Kaštel Stari,,,https://stin.hr/portfolio-items/splitsko-podrucje/#kastel-stari
Popis 2 (Šire splitsko područje),red. br. 11,,kastel-luksic,Kaštel Lukšić,,,https://stin.hr/portfolio-items/splitsko-podrucje/#kastel-luksic
Popis 2 (Šire splitsko područje),red. br. 12,,kastel-kambelovac,Kaštel Kambelovac,,,https://stin.hr/portfolio-items/splitsko-podrucje/#kastel-kambelovac
Popis 2 (Šire splitsko područje),red. br. 13,,krilo-jesenice,Krilo – Jesenice,,,https://stin.hr/portfolio-items/splitsko-podrucje/#krilo-jesenice
Popis 2 (Šire splitsko područje),red. br. 14,,klis,Klis,Ponovno naveden u kazalu pod ovim brojem,,https://stin.hr/portfolio-items/splitsko-podrucje/#klis
