"Source","CD","Location","Notes","Raw"
"Knjiga_1","1","LIŠANE OSTROVIČKE","Napjevi 01–06","LIŠANE OSTROVIČKE (Napjevi 01–06)"
"Knjiga_1","1","STANKOVCI","Napjevi 07–13","STANKOVCI (Napjevi 07–13)"
"Knjiga_1","1","METKOVIĆ","Napjevi 14–16","METKOVIĆ (Napjevi 14–16)"
"Knjiga_1","1","SPLIT","Crkva sestara Službenica Milosrđa – Anćele; napjev 17","SPLIT (Crkva sestara Službenica Milosrđa – Anćele; napjev 17)"
"Knjiga_1","1","LIŠANE OSTROVIČKE","Napjev 18","LIŠANE OSTROVIČKE (Napjev 18)"
"Knjiga_1","1","STANKOVCI","Napjevi 19–20","STANKOVCI (Napjevi 19–20)"
"Knjiga_1","1","SPLIT","Crkva sestara Službenica Milosrđa – Anćele; napjev 21","SPLIT (Crkva sestara Službenica Milosrđa – Anćele; napjev 21)"
"Knjiga_1","1","LIŠANE OSTROVIČKE","Napjevi 22–23","LIŠANE OSTROVIČKE (Napjevi 22–23)"
"Knjiga_1","1","PRGOMET","Napjev 24","PRGOMET (Napjev 24)"
"Knjiga_1","1","STANKOVCI","Napjev 25","STANKOVCI (Napjev 25)"
"Knjiga_1","2","SUMARTIN","Napjev 01","SUMARTIN (Napjev 01)"
"Knjiga_1","2","PRGOMET","Napjev 02","PRGOMET (Napjev 02)"
"Knjiga_1","2","METKOVIĆ","Napjev 03","METKOVIĆ (Napjev 03)"
"Knjiga_1","2","SUMARTIN","Napjevi 04–06","SUMARTIN (Napjevi 04–06)"
"Knjiga_1","2","METKOVIĆ","Napjev 07","METKOVIĆ (Napjev 07)"
"Knjiga_1","2","SUMARTIN","Napjev 08","SUMARTIN (Napjev 08)"
"Knjiga_1","2","SPLIT","Crkva sestara Službenica Milosrđa – Anćele; napjev 09","SPLIT (Crkva sestara Službenica Milosrđa – Anćele; napjev 09)"
"Knjiga_1","2","SUMARTIN","Napjev 10","SUMARTIN (Napjev 10)"
"Knjiga_1","2","METKOVIĆ","Napjev 11","METKOVIĆ (Napjev 11)"
"Knjiga_1","3","RUNOVIĆI","U izvoru piše ""iz Runovića""; napjev 01","RUNOVIĆI (U izvoru piše ""iz Runovića""; napjev 01)"
"Knjiga_1","3","STANKOVCI","Napjev 02","STANKOVCI (Napjev 02)"
"Knjiga_1","3","(MJESTO NIJE NAVEDENO)","Napjev 03; pjeva Ante Cvitanović, ali lokacija nije izričito zapisana","(MJESTO NIJE NAVEDENO) (Napjev 03; pjeva Ante Cvitanović, ali lokacija nije izričito zapisana)"
"Knjiga_1","3","METKOVIĆ","Napjevi 04–05","METKOVIĆ (Napjevi 04–05)"
"Knjiga_1","3","SPLIT","Crkva sestara Službenica Milosrđa – Anćele; napjev 06","SPLIT (Crkva sestara Službenica Milosrđa – Anćele; napjev 06)"
"Knjiga_1","4","SUMARTIN","Napjevi 01–02","SUMARTIN (Napjevi 01–02)"
"Knjiga_1","4","(MJESTO NIJE NAVEDENO)","Napjevi 03–04; pjevaju fra Stipica Grgat i Miro Perica, bez navedene lokacije","(MJESTO NIJE NAVEDENO) (Napjevi 03–04; pjevaju fra Stipica Grgat i Miro Perica, bez navedene lokacije)"
"Knjiga_1","4","SPLIT","Crkva sestara Službenica Milosrđa – Anćele; napjevi 05–06","SPLIT (Crkva sestara Službenica Milosrđa – Anćele; napjevi 05–06)"
"Knjiga_1","4","STANKOVCI","Napjevi 07–09","STANKOVCI (Napjevi 07–09)"
"Knjiga_1","4","SPLIT","Crkva sestara Službenica Milosrđa – Anćele; napjev 10","SPLIT (Crkva sestara Službenica Milosrđa – Anćele; napjev 10)"
"Knjiga_1","4","METKOVIĆ","Napjev 11","METKOVIĆ (Napjev 11)"
"Knjiga_1","4","SUMARTIN","Napjev 12","SUMARTIN (Napjev 12)"
"Knjiga_1","4","VRGORAC","Napjev 13","VRGORAC (Napjev 13)"
"Knjiga_1","4","METKOVIĆ","Napjev 14","METKOVIĆ (Napjev 14)"
"Knjiga_1","4","(MJESTO NIJE NAVEDENO)","Napjev 15; naslov ""Blagoslovljen"" bez pratećih podataka o izvođačima i lokaciji","(MJESTO NIJE NAVEDENO) (Napjev 15; naslov ""Blagoslovljen"" bez pratećih podataka o izvođačima i lokaciji)"
"Knjiga_1","4","VRGORAC","Napjev 16","VRGORAC (Napjev 16)"
"Knjiga_1","4","METKOVIĆ","Napjev 17","METKOVIĆ (Napjev 17)"
"Knjiga_1","4","(MJESTO NIJE NAVEDENO)","Napjevi 18–19; naslovi bez lokacije","(MJESTO NIJE NAVEDENO) (Napjevi 18–19; naslovi bez lokacije)"
"Knjiga_1","4","SPLIT","Crkva sestara Službenica Milosrđa – Anćele; napjev 20","SPLIT (Crkva sestara Službenica Milosrđa – Anćele; napjev 20)"
"Knjiga_1","4","STANKOVCI","Napjev 21","STANKOVCI (Napjev 21)"
"Knjiga_1","4","LIŠANE OSTROVIČKE","Napjev 22","LIŠANE OSTROVIČKE (Napjev 22)"
"Knjiga_2","1","IGRANE","Napjevi 01–12","IGRANE (Napjevi 01–12)"
"Knjiga_2","1","MIRLOVIĆ ZAGORA","Napjevi 13–18","MIRLOVIĆ ZAGORA (Napjevi 13–18)"
"Knjiga_2","1","RUPE","Napjevi 19–22","RUPE (Napjevi 19–22)"
"Knjiga_2","1","ČVRLJEVO","Snimljeno u Splitu; napjevi 23–26","ČVRLJEVO (Snimljeno u Splitu; napjevi 23–26)"
"Knjiga_2","1","BANJEVCI","Napjevi 27–31","BANJEVCI (Napjevi 27–31)"
"Knjiga_2","1","","LOKACIJA NIJE NAVEDENA ZA NAPJEVE 32-33","(LOKACIJA NIJE NAVEDENA ZA NAPJEVE 32-33)"
"Knjiga_2","2","RADOŠIĆ","Napjevi 01–05","RADOŠIĆ (Napjevi 01–05)"
"Knjiga_2","2","DRVENIK","Napjevi 06–08","DRVENIK (Napjevi 06–08)"
"Knjiga_2","2","","LOKACIJA NIJE NAVEDENA – ANTE CVITANOVIĆ MIKA; napjevi 09–17","(LOKACIJA NIJE NAVEDENA – ANTE CVITANOVIĆ MIKA; napjevi 09–17)"
"Knjiga_2","2","","LOKACIJA NIJE NAVEDENA – MARTIN BURIĆ; napjev 18","(LOKACIJA NIJE NAVEDENA – MARTIN BURIĆ; napjev 18)"
"Knjiga_2","2","","LOKACIJA NIJE NAVEDENA – MARTIN VEŽA; napjev 19","(LOKACIJA NIJE NAVEDENA – MARTIN VEŽA; napjev 19)"
"Knjiga_2","2","MIRLOVIĆ ZAGORA","Napjevi 20–21","MIRLOVIĆ ZAGORA (Napjevi 20–21)"
"Knjiga_2","2","MILJEVCI","Napjev 22","MILJEVCI (Napjev 22)"
"Knjiga_2","2","RUPE","Napjev 23","RUPE (Napjev 23)"
"Knjiga_2","2","BANJEVCI","Napjev 24","BANJEVCI (Napjev 24)"
"Knjiga_2","2","RADOŠIĆ","Napjev 25","RADOŠIĆ (Napjev 25)"
"Knjiga_2","2","","LOKACIJA NIJE NAVEDENA – ANTE CVITANOVIĆ MIKA; napjevi 26–29","(LOKACIJA NIJE NAVEDENA – ANTE CVITANOVIĆ MIKA; napjevi 26–29)"
"Knjiga_2","2","MIRLOVIĆ ZAGORA","Napjev 30","MIRLOVIĆ ZAGORA (Napjev 30)"
"Knjiga_2","2","RUPE","Napjev 31","RUPE (Napjev 31)"
"Knjiga_2","2","ČVRLJEVO","Napjev 32","ČVRLJEVO (Napjev 32)"
"Knjiga_2","2","RADOŠIĆ","Napjev 33","RADOŠIĆ (Napjev 33)"
"Knjiga_2","2","MIRLOVIĆ ZAGORA","Napjev 34","MIRLOVIĆ ZAGORA (Napjev 34)"
"Knjiga_2","2","BANJEVCI","Napjev 35","BANJEVCI (Napjev 35)"
"Knjiga_2","2","BRIST","Napjev 36","BRIST (Napjev 36)"
"Knjiga_2","2","","LOKACIJA NIJE NAVEDENA – ANTE CVITANOVIĆ MIKA; napjev 37","(LOKACIJA NIJE NAVEDENA – ANTE CVITANOVIĆ MIKA; napjev 37)"
"Knjiga_2","2","MIRLOVIĆ ZAGORA","Napjev 38","MIRLOVIĆ ZAGORA (Napjev 38)"
"Knjiga_2","2","ČVRLJEVO","Napjev 39","ČVRLJEVO (Napjev 39)"
"Knjiga_2","2","","LOKACIJA NIJE NAVEDENA – SLAVKA I KATA KRNIĆ; napjev 40","(LOKACIJA NIJE NAVEDENA – SLAVKA I KATA KRNIĆ; napjev 40)"
"Knjiga_2","2","RUPE","Napjev 41","RUPE (Napjev 41)"
"Knjiga_2","2","RADOŠIĆ","Napjev 42","RADOŠIĆ (Napjev 42)"
"Knjiga_2","2","MILJEVCI","Napjev 43","MILJEVCI (Napjev 43)"
"Knjiga_2","2","MIRLOVIĆ ZAGORA","Napjev 44","MIRLOVIĆ ZAGORA (Napjev 44)"
"Knjiga_2","2","MILJEVCI","Napjev 45","MILJEVCI (Napjev 45)"
"Knjiga_2","3","","LOKACIJA NIJE NAVEDENA – ANTE CVITANOVIĆ MIKA; napjevi 01–04","(LOKACIJA NIJE NAVEDENA – ANTE CVITANOVIĆ MIKA; napjevi 01–04)"
"Knjiga_2","3","MIRLOVIĆ ZAGORA","Napjev 05","MIRLOVIĆ ZAGORA (Napjev 05)"
"Knjiga_2","3","","LOKACIJA NIJE NAVEDENA – ANTE CVITANOVIĆ MIKA; napjev 06","(LOKACIJA NIJE NAVEDENA – ANTE CVITANOVIĆ MIKA; napjev 06)"
"Knjiga_2","3","VRGORAC","Napjev 07","VRGORAC (Napjev 07)"
"Knjiga_2","3","BRIST","Napjevi 08–09","BRIST (Napjevi 08–09)"
"Knjiga_2","3","MILJEVCI","Napjev 10","MILJEVCI (Napjev 10)"
"Knjiga_2","3","MIRLOVIĆ ZAGORA","Napjev 11","MIRLOVIĆ ZAGORA (Napjev 11)"
"Knjiga_2","3","PROMINA","Napjev 12","PROMINA (Napjev 12)"
"Knjiga_2","3","","LOKACIJA NIJE NAVEDENA – BOŽO ŠKOPLJANAC; napjev 13","(LOKACIJA NIJE NAVEDENA – BOŽO ŠKOPLJANAC; napjev 13)"
"Knjiga_2","3","","LOKACIJA NIJE NAVEDENA – ANTE CVITANOVIĆ MIKA; napjevi 14–18","(LOKACIJA NIJE NAVEDENA – ANTE CVITANOVIĆ MIKA; napjevi 14–18)"
"Knjiga_2","3","","LOKACIJA NIJE NAVEDENA – FRA ŠIMUN ČUGURA; napjev 19","(LOKACIJA NIJE NAVEDENA – FRA ŠIMUN ČUGURA; napjev 19)"
"Knjiga_2","3","","LOKACIJA NIJE NAVEDENA – ANTE CVITANOVIĆ MIKA; napjevi 20–21","(LOKACIJA NIJE NAVEDENA – ANTE CVITANOVIĆ MIKA; napjevi 20–21)"
"Knjiga_2","3","BRIST","Napjevi 22–23","BRIST (Napjevi 22–23)"
"Knjiga_2","3","MIRLOVIĆ ZAGORA","Napjev 24","MIRLOVIĆ ZAGORA (Napjev 24)"
"Knjiga_2","3","MILJEVCI","Napjev 25","MILJEVCI (Napjev 25)"
"Knjiga_2","3","BANJEVCI","Napjev 26","BANJEVCI (Napjev 26)"
"Knjiga_2","3","RUPE","Napjev 27","RUPE (Napjev 27)"
"Knjiga_2","3","RADOŠIĆ","Napjevi 28–29","RADOŠIĆ (Napjevi 28–29)"
"Knjiga_2","3","MILJEVCI","Napjev 30","MILJEVCI (Napjev 30)"
"Knjiga_2","3","MIRLOVIĆ ZAGORA","Napjevi 31–32","MIRLOVIĆ ZAGORA (Napjevi 31–32)"
"Popis_1","1","OMIŠALJ","","CD 1 OMIŠALJ, KRK"
"Popis_1","1","KRK","","CD 1 OMIŠALJ, KRK"
"Popis_1","2","OMIŠALJ","","CD 2 OMIŠALJ, KRK"
"Popis_1","2","KRK","","CD 2 OMIŠALJ, KRK"
"Popis_1","3","OMIŠALJ","","CD 3 OMIŠALJ, KRK"
"Popis_1","3","KRK","","CD 3 OMIŠALJ, KRK"
"Popis_1","4","OMIŠALJ","","CD 4 OMIŠALJ, KRK"
"Popis_1","4","KRK","","CD 4 OMIŠALJ, KRK"
"Popis_1","5","MALINSKA","","CD 5 MALINSKA, DUBAŠNICA, OMIŠALJ, KRK"
"Popis_1","5","DUBAŠNICA","","CD 5 MALINSKA, DUBAŠNICA, OMIŠALJ, KRK"
"Popis_1","5","OMIŠALJ","","CD 5 MALINSKA, DUBAŠNICA, OMIŠALJ, KRK"
"Popis_1","5","KRK","","CD 5 MALINSKA, DUBAŠNICA, OMIŠALJ, KRK"
"Popis_1","6","OMIŠALJ","","CD 6 OMIŠALJ, KRK"
"Popis_1","6","KRK","","CD 6 OMIŠALJ, KRK"
"Popis_1","7","OMIŠALJ","","CD 7 OMIŠALJ, KRK"
"Popis_1","7","KRK","","CD 7 OMIŠALJ, KRK"
"Popis_1","8","OMIŠALJ","","CD 8 OMIŠALJ, KRK"
"Popis_1","8","KRK","","CD 8 OMIŠALJ, KRK"
"Popis_1","9","PUNAT","","CD 9 PUNAT, KRK"
"Popis_1","9","KRK","","CD 9 PUNAT, KRK"
"Popis_1","10","PUNAT","","CD 10 PUNAT, KRK"
"Popis_1","10","KRK","","CD 10 PUNAT, KRK"
"Popis_1","11","JURANDVOR I BAŠKA","","CD 11 JURANDVOR I BAŠKA, KRK"
"Popis_1","11","KRK","","CD 11 JURANDVOR I BAŠKA, KRK"
"Popis_1","12","JURANDVOR I BAŠKA","","CD 12 JURANDVOR I BAŠKA, KRK"
"Popis_1","12","KRK","","CD 12 JURANDVOR I BAŠKA, KRK"
"Popis_1","13","VRBNIK","","CD 13 VRBNIK, KRK"
"Popis_1","13","KRK","","CD 13 VRBNIK, KRK"
"Popis_1","14","VRBNIK","","CD 14 VRBNIK, KRK"
"Popis_1","14","KRK","","CD 14 VRBNIK, KRK"
"Popis_1","15","DOBRINJ","","CD 15 DOBRINJ, KRK"
"Popis_1","15","KRK","","CD 15 DOBRINJ, KRK"
"Popis_1","16","DOBRINJ","","CD 16 DOBRINJ, KRK"
"Popis_1","16","KRK","","CD 16 DOBRINJ, KRK"
"Popis_1","17","DOBRINJ","","CD 17 DOBRINJ, KRK"
"Popis_1","17","KRK","","CD 17 DOBRINJ, KRK"
"Popis_1","18","DOBRINJ","","CD 18 DOBRINJ, KRK"
"Popis_1","18","KRK","","CD 18 DOBRINJ, KRK"
"Popis_1","19","OMIŠALJ","","CD 19 OMIŠALJ, KRK (SNIMANO U RIJECI)"
"Popis_1","19","KRK (SNIMANO U RIJECI)","","CD 19 OMIŠALJ, KRK (SNIMANO U RIJECI)"
"Popis_1","20","BAŠKA DRAGA","","CD 20 BAŠKA DRAGA, DUBAŠNICA, VRBNIK, KRK"
"Popis_1","20","DUBAŠNICA","","CD 20 BAŠKA DRAGA, DUBAŠNICA, VRBNIK, KRK"
"Popis_1","20","VRBNIK","","CD 20 BAŠKA DRAGA, DUBAŠNICA, VRBNIK, KRK"
"Popis_1","20","KRK","","CD 20 BAŠKA DRAGA, DUBAŠNICA, VRBNIK, KRK"
"Popis_1","21","VRBNIK","","CD 21 VRBNIK, KRK"
"Popis_1","21","KRK","","CD 21 VRBNIK, KRK"
"Popis_1","22","VRBNIK","","CD 22 VRBNIK, KRK"
"Popis_1","22","KRK","","CD 22 VRBNIK, KRK"
"Popis_1","23","VRBNIK","","CD 23 VRBNIK, KRK"
"Popis_1","23","KRK","","CD 23 VRBNIK, KRK"
"Popis_1","24","VRBNIK I BAŠKA","","CD 24 VRBNIK I BAŠKA, KRK"
"Popis_1","24","KRK","","CD 24 VRBNIK I BAŠKA, KRK"
"Popis_1","25","BANJOL I LOPAR","","CD 25 BANJOL I LOPAR, RAB"
"Popis_1","25","RAB","","CD 25 BANJOL I LOPAR, RAB"
"Popis_1","26","LOPAR","","CD 26 LOPAR, RAB"
"Popis_1","26","RAB","","CD 26 LOPAR, RAB"
"Popis_1","27","BANJOL","","CD 27 BANJOL, RAB"
"Popis_1","27","RAB","","CD 27 BANJOL, RAB"
"Popis_1","28","NOVALJA","","CD 28 NOVALJA, PAG"
"Popis_1","28","PAG","","CD 28 NOVALJA, PAG"
"Popis_1","29","NOVALJA","","CD 29 NOVALJA, PAG"
"Popis_1","29","PAG","","CD 29 NOVALJA, PAG"
"Popis_1","30","TROGIR","","CD 30 TROGIR"
"Popis_1","31","TROGIR","","CD 31 TROGIR"
"Popis_1","32","LANIŠĆE","","CD 32 LANIŠĆE, ISTRA"
"Popis_1","32","ISTRA","","CD 32 LANIŠĆE, ISTRA"
"Popis_1","33","LANIŠĆE","","CD 33 LANIŠĆE, ISTRA"
"Popis_1","33","ISTRA","","CD 33 LANIŠĆE, ISTRA"
"Popis_1","34","LANIŠĆE","","CD 34 LANIŠĆE, ISTRA"
"Popis_1","34","ISTRA","","CD 34 LANIŠĆE, ISTRA"
"Popis_1","35","LANIŠĆE I PAZIN","","CD 35 LANIŠĆE I PAZIN, ISTRA"
"Popis_1","35","ISTRA","","CD 35 LANIŠĆE I PAZIN, ISTRA"
"Popis_1","36","HVAR I STARIGRAD","","CD 36 HVAR I STARIGRAD, HVAR"
"Popis_1","36","HVAR","","CD 36 HVAR I STARIGRAD, HVAR"
"Popis_1","37","STARIGRAD I BRUSJE","","CD 37 STARIGRAD I BRUSJE, HVAR"
"Popis_1","37","HVAR","","CD 37 STARIGRAD I BRUSJE, HVAR"
"Popis_1","38","BRUSJA","","CD 38 BRUSJA, HVAR"
"Popis_1","38","HVAR","","CD 38 BRUSJA, HVAR"
"Popis_1","39","BRUSJA","","CD 39 BRUSJA, HVAR"
"Popis_1","39","HVAR","","CD 39 BRUSJA, HVAR"
"Popis_1","40","BRUSJE I GRAD HVAR","","CD 40 BRUSJE I GRAD HVAR, HVAR"
"Popis_1","40","HVAR","","CD 40 BRUSJE I GRAD HVAR, HVAR"
"Popis_1","41","BRUSJE I JELSA","","CD 41 BRUSJE I JELSA, HVAR"
"Popis_1","41","HVAR","","CD 41 BRUSJE I JELSA, HVAR"
"Popis_1","42","JELSA","","CD 42 JELSA, HVAR"
"Popis_1","42","HVAR","","CD 42 JELSA, HVAR"
"Popis_1","43","JELSA","","CD 43 JELSA, HVAR"
"Popis_1","43","HVAR","","CD 43 JELSA, HVAR"
"Popis_1","44","GRAD HVAR","","CD 44 GRAD HVAR, HVAR"
"Popis_1","44","HVAR","","CD 44 GRAD HVAR, HVAR"
"Popis_1","45","GRAD HVAR I BRUSJE","","CD 45 GRAD HVAR I BRUSJE, HVAR"
"Popis_1","45","HVAR","","CD 45 GRAD HVAR I BRUSJE, HVAR"
"Popis_1","46","BRUSJE","","CD 46 BRUSJE, HVAR"
"Popis_1","46","HVAR","","CD 46 BRUSJE, HVAR"
"Popis_1","47","VRISNIK","","CD 47 VRISNIK, KUKULJICA (VJEROJATNO KUKLJICA), HVAR/ZADARSKI OTOCI"
"Popis_1","47","KUKULJICA (VJEROJATNO KUKLJICA)","","CD 47 VRISNIK, KUKULJICA (VJEROJATNO KUKLJICA), HVAR/ZADARSKI OTOCI"
"Popis_1","47","HVAR/ZADARSKI OTOCI","","CD 47 VRISNIK, KUKULJICA (VJEROJATNO KUKLJICA), HVAR/ZADARSKI OTOCI"
"Popis_1","48","KUKULJICA","","CD 48 KUKULJICA, SESTRUNJ, ZADARSKI OTOCI"
"Popis_1","48","SESTRUNJ","","CD 48 KUKULJICA, SESTRUNJ, ZADARSKI OTOCI"
"Popis_1","48","ZADARSKI OTOCI","","CD 48 KUKULJICA, SESTRUNJ, ZADARSKI OTOCI"
"Popis_1","49","SESTRUNJ","","CD 49 SESTRUNJ, PREKO (UGLJAN), ZADARSKI OTOCI"
"Popis_1","49","PREKO (UGLJAN)","","CD 49 SESTRUNJ, PREKO (UGLJAN), ZADARSKI OTOCI"
"Popis_1","49","ZADARSKI OTOCI","","CD 49 SESTRUNJ, PREKO (UGLJAN), ZADARSKI OTOCI"
"Popis_1","50","PREKO (UGLJAN)","","CD 50 PREKO (UGLJAN), ZADARSKI OTOCI"
"Popis_1","50","ZADARSKI OTOCI","","CD 50 PREKO (UGLJAN), ZADARSKI OTOCI"
"Popis_1","51","ČARA I SMOKVICA","","CD 51 ČARA I SMOKVICA, KORČULA"
"Popis_1","51","KORČULA","","CD 51 ČARA I SMOKVICA, KORČULA"
"Popis_1","52","SMOKVICA","","CD 52 SMOKVICA, ČARA I RAČIŠĆE, KORČULA"
"Popis_1","52","ČARA I RAČIŠĆE","","CD 52 SMOKVICA, ČARA I RAČIŠĆE, KORČULA"
"Popis_1","52","KORČULA","","CD 52 SMOKVICA, ČARA I RAČIŠĆE, KORČULA"
"Popis_1","53","ČARA","","CD 53 ČARA, RAČIŠĆE, ŽRNOVO, KORČULA; STON, PELJEŠAC"
"Popis_1","53","RAČIŠĆE","","CD 53 ČARA, RAČIŠĆE, ŽRNOVO, KORČULA; STON, PELJEŠAC"
"Popis_1","53","ŽRNOVO","","CD 53 ČARA, RAČIŠĆE, ŽRNOVO, KORČULA; STON, PELJEŠAC"
"Popis_1","53","KORČULA; STON","","CD 53 ČARA, RAČIŠĆE, ŽRNOVO, KORČULA; STON, PELJEŠAC"
"Popis_1","53","PELJEŠAC","","CD 53 ČARA, RAČIŠĆE, ŽRNOVO, KORČULA; STON, PELJEŠAC"
"Popis_1","54","OMIŠALJ","","CD 54 OMIŠALJ, KRK"
"Popis_1","54","KRK","","CD 54 OMIŠALJ, KRK"
"Popis_1","55","OMIŠALJ","","CD 55 OMIŠALJ, KRK"
"Popis_1","55","KRK","","CD 55 OMIŠALJ, KRK"
"Popis_1","56","KAŠTEL ŠTAFILIĆ","","CD 56 KAŠTEL ŠTAFILIĆ, KAŠTELA"
"Popis_1","56","KAŠTELA","","CD 56 KAŠTEL ŠTAFILIĆ, KAŠTELA"
"Popis_1","57","KAŠTEL ŠTAFILIĆ","","CD 57 KAŠTEL ŠTAFILIĆ, KAŠTELA"
"Popis_1","57","KAŠTELA","","CD 57 KAŠTEL ŠTAFILIĆ, KAŠTELA"
"Popis_1","58","KAŠTEL ŠTAFILIĆ","","CD 58 KAŠTEL ŠTAFILIĆ, KAŠTELA"
"Popis_1","58","KAŠTELA","","CD 58 KAŠTEL ŠTAFILIĆ, KAŠTELA"
"Popis_1","59","KAŠTEL ŠTAFILIĆ","","CD 59 KAŠTEL ŠTAFILIĆ, KAŠTEL KAMBELOVAC, KAŠTEL STARI, KAŠTELA"
"Popis_1","59","KAŠTEL KAMBELOVAC","","CD 59 KAŠTEL ŠTAFILIĆ, KAŠTEL KAMBELOVAC, KAŠTEL STARI, KAŠTELA"
"Popis_1","59","KAŠTEL STARI","","CD 59 KAŠTEL ŠTAFILIĆ, KAŠTEL KAMBELOVAC, KAŠTEL STARI, KAŠTELA"
"Popis_1","59","KAŠTELA","","CD 59 KAŠTEL ŠTAFILIĆ, KAŠTEL KAMBELOVAC, KAŠTEL STARI, KAŠTELA"
"Popis_1","60","KAŠTEL STARI","","CD 60 KAŠTEL STARI, KAŠTEL SUĆURAC, KAŠTELA"
"Popis_1","60","KAŠTEL SUĆURAC","","CD 60 KAŠTEL STARI, KAŠTEL SUĆURAC, KAŠTELA"
"Popis_1","60","KAŠTELA","","CD 60 KAŠTEL STARI, KAŠTEL SUĆURAC, KAŠTELA"
"Popis_1","61","KAŠTEL SUĆURAC","","CD 61 KAŠTEL SUĆURAC, VRANJIC, DALMACIJA"
"Popis_1","61","VRANJIC","","CD 61 KAŠTEL SUĆURAC, VRANJIC, DALMACIJA"
"Popis_1","61","DALMACIJA","","CD 61 KAŠTEL SUĆURAC, VRANJIC, DALMACIJA"
"Popis_1","62","VRANJIC","","CD 62 VRANJIC, KAŠTEL LUKŠIĆ, KAŠTEL KAMBELOVAC, DALMACIJA"
"Popis_1","62","KAŠTEL LUKŠIĆ","","CD 62 VRANJIC, KAŠTEL LUKŠIĆ, KAŠTEL KAMBELOVAC, DALMACIJA"
"Popis_1","62","KAŠTEL KAMBELOVAC","","CD 62 VRANJIC, KAŠTEL LUKŠIĆ, KAŠTEL KAMBELOVAC, DALMACIJA"
"Popis_1","62","DALMACIJA","","CD 62 VRANJIC, KAŠTEL LUKŠIĆ, KAŠTEL KAMBELOVAC, DALMACIJA"
"Popis_1","63","KAŠTEL KAMBELOVAC","","CD 63 KAŠTEL KAMBELOVAC, KAŠTEL STARI, KAŠTELA"
"Popis_1","63","KAŠTEL STARI","","CD 63 KAŠTEL KAMBELOVAC, KAŠTEL STARI, KAŠTELA"
"Popis_1","63","KAŠTELA","","CD 63 KAŠTEL KAMBELOVAC, KAŠTEL STARI, KAŠTELA"
"Popis_1","64","KAŠTEL STARI","","CD 64 KAŠTEL STARI, KAŠTEL LUKŠIĆ, KAŠTEL KAMBELOVAC, KAŠTELA"
"Popis_1","64","KAŠTEL LUKŠIĆ","","CD 64 KAŠTEL STARI, KAŠTEL LUKŠIĆ, KAŠTEL KAMBELOVAC, KAŠTELA"
"Popis_1","64","KAŠTEL KAMBELOVAC","","CD 64 KAŠTEL STARI, KAŠTEL LUKŠIĆ, KAŠTEL KAMBELOVAC, KAŠTELA"
"Popis_1","64","KAŠTELA","","CD 64 KAŠTEL STARI, KAŠTEL LUKŠIĆ, KAŠTEL KAMBELOVAC, KAŠTELA"
"Popis_1","65","KAŠTEL KAMBELOVAC","","CD 65 KAŠTEL KAMBELOVAC, KAŠTELA"
"Popis_1","65","KAŠTELA","","CD 65 KAŠTEL KAMBELOVAC, KAŠTELA"
"Popis_1","66","PRIDRAGA","","CD 66 PRIDRAGA, ZADARSKO ZALEĐE"
"Popis_1","66","ZADARSKO ZALEĐE","","CD 66 PRIDRAGA, ZADARSKO ZALEĐE"
"Popis_1","67","PRIDRAGA","","CD 67 PRIDRAGA, PAG (OTOK PAG)"
"Popis_1","67","PAG (OTOK PAG)","","CD 67 PRIDRAGA, PAG (OTOK PAG)"
"Popis_1","68","PAG","","CD 68 PAG, OTOK PAG"
"Popis_1","68","OTOK PAG","","CD 68 PAG, OTOK PAG"
"Popis_1","69","PAG","","CD 69 PAG, OTOK PAG"
"Popis_1","69","OTOK PAG","","CD 69 PAG, OTOK PAG"
"Popis_1","70","PAG","","CD 70 PAG, OTOK PAG; NOVI VINODOLSKI"
"Popis_1","70","OTOK PAG; NOVI VINODOLSKI","","CD 70 PAG, OTOK PAG; NOVI VINODOLSKI"
"Popis_1","71","NOVI VINODOLSKI","","CD 71 NOVI VINODOLSKI"
"Popis_1","72","NOVI VINODOLSKI","","CD 72 NOVI VINODOLSKI"
"Popis_1","73","PETRČANE","","CD 73 PETRČANE, ZADAR"
"Popis_1","73","ZADAR","","CD 73 PETRČANE, ZADAR"
"Popis_1","74","ORLEC","","CD 74 ORLEC, OTOK CRES"
"Popis_1","74","OTOK CRES","","CD 74 ORLEC, OTOK CRES"
"Popis_1","75","ORLEC","","CD 75 ORLEC, OTOK CRES"
"Popis_1","75","OTOK CRES","","CD 75 ORLEC, OTOK CRES"
"Popis_1","76","ROGOZNICA","","CD 76 ROGOZNICA, DALMACIJA"
"Popis_1","76","DALMACIJA","","CD 76 ROGOZNICA, DALMACIJA"
"Popis_1","77","ROGOZNICA I PRIMOŠTEN","","CD 77 ROGOZNICA I PRIMOŠTEN, DALMACIJA"
"Popis_1","77","DALMACIJA","","CD 77 ROGOZNICA I PRIMOŠTEN, DALMACIJA"
"Popis_1","78","ROGOZNICA I KOMIŽA","","CD 78 ROGOZNICA I KOMIŽA, OTOK VIS"
"Popis_1","78","OTOK VIS","","CD 78 ROGOZNICA I KOMIŽA, OTOK VIS"
"Popis_1","79","KOMIŽA I VIS","","CD 79 KOMIŽA I VIS, OTOK VIS"
"Popis_1","79","OTOK VIS","","CD 79 KOMIŽA I VIS, OTOK VIS"
"Popis_1","80","VIS","","CD 80 VIS, OTOK VIS; LUKA I ŠEPURINE, OTOK PRVIĆ"
"Popis_1","80","OTOK VIS; LUKA I ŠEPURINE","","CD 80 VIS, OTOK VIS; LUKA I ŠEPURINE, OTOK PRVIĆ"
"Popis_1","80","OTOK PRVIĆ","","CD 80 VIS, OTOK VIS; LUKA I ŠEPURINE, OTOK PRVIĆ"
"Popis_1","81","PRVIĆ I ŠEPURINE","","CD 81 PRVIĆ I ŠEPURINE, OTOK PRVIĆ"
"Popis_1","81","OTOK PRVIĆ","","CD 81 PRVIĆ I ŠEPURINE, OTOK PRVIĆ"
"Popis_1","82","ŠEPURINE","","CD 82 ŠEPURINE, OTOK PRVIĆ; VODICE"
"Popis_1","82","OTOK PRVIĆ; VODICE","","CD 82 ŠEPURINE, OTOK PRVIĆ; VODICE"
"Popis_1","83","VODICE","","CD 83 VODICE"
"Popis_1","84","DUĆE - ROGAČ","","CD 84 DUĆE - ROGAČ, DALMACIJA"
"Popis_1","84","DALMACIJA","","CD 84 DUĆE - ROGAČ, DALMACIJA"
"Popis_1","85","PODSTRANA (SV. MARTIN - ŠĆADINE)","","CD 85 PODSTRANA (SV. MARTIN - ŠĆADINE), DALMACIJA"
"Popis_1","85","DALMACIJA","","CD 85 PODSTRANA (SV. MARTIN - ŠĆADINE), DALMACIJA"
"Popis_1","86","PODSTRANA (SV. MARTIN - ŠĆADINE)","","CD 86 PODSTRANA (SV. MARTIN - ŠĆADINE), DALMACIJA"
"Popis_1","86","DALMACIJA","","CD 86 PODSTRANA (SV. MARTIN - ŠĆADINE), DALMACIJA"
"Popis_1","87","GATA","","CD 87 GATA, DALMACIJA"
"Popis_1","87","DALMACIJA","","CD 87 GATA, DALMACIJA"
"Popis_1","88","TUGARE","","CD 88 TUGARE, DALMACIJA"
"Popis_1","88","DALMACIJA","","CD 88 TUGARE, DALMACIJA"
"Popis_1","89","TUGARE","","CD 89 TUGARE, DALMACIJA"
"Popis_1","89","DALMACIJA","","CD 89 TUGARE, DALMACIJA"
"Popis_1","90","SRIJANE - VELA NJIVA","","CD 90 SRIJANE - VELA NJIVA, DALMACIJA"
"Popis_1","90","DALMACIJA","","CD 90 SRIJANE - VELA NJIVA, DALMACIJA"
"Popis_1","91","JESENICE - SUMPETAR","","CD 91 JESENICE - SUMPETAR, DALMACIJA"
"Popis_1","91","DALMACIJA","","CD 91 JESENICE - SUMPETAR, DALMACIJA"
"Popis_1","92","JESENICE - SUMPETAR","","CD 92 JESENICE - SUMPETAR, DALMACIJA"
"Popis_1","92","DALMACIJA","","CD 92 JESENICE - SUMPETAR, DALMACIJA"
"Popis_1","93","JESENICE - SUMPETAR","","CD 93 JESENICE - SUMPETAR, DALMACIJA"
"Popis_1","93","DALMACIJA","","CD 93 JESENICE - SUMPETAR, DALMACIJA"
"Popis_1","94","JESENICE - SUMPETAR","","CD 94 JESENICE - SUMPETAR, DALMACIJA"
"Popis_1","94","DALMACIJA","","CD 94 JESENICE - SUMPETAR, DALMACIJA"
"Popis_1","95","JESENICE - SUMPETAR","","CD 95 JESENICE - SUMPETAR, DALMACIJA"
"Popis_1","95","DALMACIJA","","CD 95 JESENICE - SUMPETAR, DALMACIJA"
"Popis_1","96","KOSTANJE","","CD 96 KOSTANJE, DALMACIJA"
"Popis_1","96","DALMACIJA","","CD 96 KOSTANJE, DALMACIJA"
"Popis_1","97","KOSTANJE","","CD 97 KOSTANJE, DALMACIJA"
"Popis_1","97","DALMACIJA","","CD 97 KOSTANJE, DALMACIJA"
"Popis_1","98","KOSTANJE","","CD 98 KOSTANJE, DALMACIJA"
"Popis_1","98","DALMACIJA","","CD 98 KOSTANJE, DALMACIJA"
"Popis_1","99","KOSTANJE","","CD 99 KOSTANJE, DALMACIJA"
"Popis_1","99","DALMACIJA","","CD 99 KOSTANJE, DALMACIJA"
"Popis_1","100","A VRBNIK","","CD 100 A VRBNIK, KRK"
"Popis_1","100","KRK","","CD 100 A VRBNIK, KRK"
"Popis_1","100","B VRBNIK","","CD 100 B VRBNIK, KRK"
"Popis_1","100","KRK","","CD 100 B VRBNIK, KRK"
"Popis_1","100","C VRBNIK","","CD 100 C VRBNIK, BAŠKA DRAGA, JURANDVOR, KRK"
"Popis_1","100","BAŠKA DRAGA","","CD 100 C VRBNIK, BAŠKA DRAGA, JURANDVOR, KRK"
"Popis_1","100","JURANDVOR","","CD 100 C VRBNIK, BAŠKA DRAGA, JURANDVOR, KRK"
"Popis_1","100","KRK","","CD 100 C VRBNIK, BAŠKA DRAGA, JURANDVOR, KRK"
"Popis_1","101","SKRPČIĆI (ŽUPA LINARDIĆI)","","CD 101 SKRPČIĆI (ŽUPA LINARDIĆI), KRK"
"Popis_1","101","KRK","","CD 101 SKRPČIĆI (ŽUPA LINARDIĆI), KRK"
"Popis_1","102","SKRPČIĆI (ŽUPA LINARDIĆI)","","CD 102 SKRPČIĆI (ŽUPA LINARDIĆI), KRK"
"Popis_1","102","KRK","","CD 102 SKRPČIĆI (ŽUPA LINARDIĆI), KRK"
"Popis_1","103","SV. VID","","CD 103 SV. VID, KRK"
"Popis_1","103","KRK","","CD 103 SV. VID, KRK"
"Popis_1","104","BOGOVIĆI (DUBAŠNICA)","","CD 104 BOGOVIĆI (DUBAŠNICA), KRK"
"Popis_1","104","KRK","","CD 104 BOGOVIĆI (DUBAŠNICA), KRK"
"Popis_1","105","KRAS","","CD 105 KRAS, KRK"
"Popis_1","105","KRK","","CD 105 KRAS, KRK"
"Popis_1","106","KRAS I RASOPASNO","","CD 106 KRAS I RASOPASNO, KRK"
"Popis_1","106","KRK","","CD 106 KRAS I RASOPASNO, KRK"
"Popis_1","107","DOBRINJ","","CD 107 DOBRINJ, KRK"
"Popis_1","107","KRK","","CD 107 DOBRINJ, KRK"
"Popis_1","108","POLJICA","","CD 108 POLJICA, KRK"
"Popis_1","108","KRK","","CD 108 POLJICA, KRK"
"Popis_1","109","VRH","","CD 109 VRH, KRK"
"Popis_1","109","KRK","","CD 109 VRH, KRK"
"Popis_1","110","BAŠKA","","CD 110 BAŠKA, KRK"
"Popis_1","110","KRK","","CD 110 BAŠKA, KRK"
"Popis_1","111","JURANDVOR","","CD 111 JURANDVOR, KRK"
"Popis_1","111","KRK","","CD 111 JURANDVOR, KRK"
"Popis_1","112","PUNAT","","CD 112 PUNAT, KRK"
"Popis_1","112","KRK","","CD 112 PUNAT, KRK"
"Popis_1","113","PUNAT","","CD 113 PUNAT, KRK"
"Popis_1","113","KRK","","CD 113 PUNAT, KRK"
"Popis_1","114","RISIKA","","CD 114 RISIKA, KRK"
"Popis_1","114","KRK","","CD 114 RISIKA, KRK"
"Popis_1","115","BAŠKA DRAGA","","CD 115 BAŠKA DRAGA, KRK"
"Popis_1","115","KRK","","CD 115 BAŠKA DRAGA, KRK"
"Popis_1","116","BAŠKA DRAGA","","CD 116 BAŠKA DRAGA, KRK"
"Popis_1","116","KRK","","CD 116 BAŠKA DRAGA, KRK"
"Popis_1","117","BOGOVIĆI (DUBAŠNICA)","","CD 117 BOGOVIĆI (DUBAŠNICA), KRK"
"Popis_1","117","KRK","","CD 117 BOGOVIĆI (DUBAŠNICA), KRK"
"Popis_1","118","BOGOVIĆI","","CD 118 BOGOVIĆI, KRK"
"Popis_1","118","KRK","","CD 118 BOGOVIĆI, KRK"
"Popis_1","119","OMIŠALJ","","CD 119 OMIŠALJ, KRK"
"Popis_1","119","KRK","","CD 119 OMIŠALJ, KRK"
"Popis_1","120","OMIŠALJ I VRBNIK","","CD 120 OMIŠALJ I VRBNIK, KRK"
"Popis_1","120","KRK","","CD 120 OMIŠALJ I VRBNIK, KRK"
"Popis_1","121","VRBNIK","","CD 121 VRBNIK, KRK"
"Popis_1","121","KRK","","CD 121 VRBNIK, KRK"
"Popis_1","122","VRBNIK","","CD 122 VRBNIK, KRK"
"Popis_1","122","KRK","","CD 122 VRBNIK, KRK"
"Popis_1","123","VRBNIK","","CD 123 VRBNIK, KRK"
"Popis_1","123","KRK","","CD 123 VRBNIK, KRK"
"Popis_1","124","BAŠKA VODA","","CD 124 BAŠKA VODA, TUČEPI, DALMACIJA"
"Popis_1","124","TUČEPI","","CD 124 BAŠKA VODA, TUČEPI, DALMACIJA"
"Popis_1","124","DALMACIJA","","CD 124 BAŠKA VODA, TUČEPI, DALMACIJA"
"Popis_1","125","TUČEPI","","CD 125 TUČEPI, PODGORA, VELIKO BRDO, DALMACIJA"
"Popis_1","125","PODGORA","","CD 125 TUČEPI, PODGORA, VELIKO BRDO, DALMACIJA"
"Popis_1","125","VELIKO BRDO","","CD 125 TUČEPI, PODGORA, VELIKO BRDO, DALMACIJA"
"Popis_1","125","DALMACIJA","","CD 125 TUČEPI, PODGORA, VELIKO BRDO, DALMACIJA"
"Popis_1","126","VELIKO BRDO","","CD 126 VELIKO BRDO, DRIVENIK, ZAOSTROG, DALMACIJA"
"Popis_1","126","DRIVENIK","","CD 126 VELIKO BRDO, DRIVENIK, ZAOSTROG, DALMACIJA"
"Popis_1","126","ZAOSTROG","","CD 126 VELIKO BRDO, DRIVENIK, ZAOSTROG, DALMACIJA"
"Popis_1","126","DALMACIJA","","CD 126 VELIKO BRDO, DRIVENIK, ZAOSTROG, DALMACIJA"
"Popis_1","127","ZAOSTROG","","CD 127 ZAOSTROG, PODACA, BRIST, DALMACIJA"
"Popis_1","127","PODACA","","CD 127 ZAOSTROG, PODACA, BRIST, DALMACIJA"
"Popis_1","127","BRIST","","CD 127 ZAOSTROG, PODACA, BRIST, DALMACIJA"
"Popis_1","127","DALMACIJA","","CD 127 ZAOSTROG, PODACA, BRIST, DALMACIJA"
"Popis_1","128","BRIST","","CD 128 BRIST, MAKARSKA, DALMACIJA"
"Popis_1","128","MAKARSKA","","CD 128 BRIST, MAKARSKA, DALMACIJA"
"Popis_1","128","DALMACIJA","","CD 128 BRIST, MAKARSKA, DALMACIJA"
"Popis_1","129","ŽIVOGOŠĆE","","CD 129 ŽIVOGOŠĆE, BAST, DALMACIJA"
"Popis_1","129","BAST","","CD 129 ŽIVOGOŠĆE, BAST, DALMACIJA"
"Popis_1","129","DALMACIJA","","CD 129 ŽIVOGOŠĆE, BAST, DALMACIJA"
"Popis_1","130","BRELA DONJA","","CD 130 BRELA DONJA, IGRANE, DRAŠNICE, DALMACIJA"
"Popis_1","130","IGRANE","","CD 130 BRELA DONJA, IGRANE, DRAŠNICE, DALMACIJA"
"Popis_1","130","DRAŠNICE","","CD 130 BRELA DONJA, IGRANE, DRAŠNICE, DALMACIJA"
"Popis_1","130","DALMACIJA","","CD 130 BRELA DONJA, IGRANE, DRAŠNICE, DALMACIJA"
"Popis_1","131","VINJANI","","CD 131 VINJANI, RUNOVIĆ, ZMIJAVCI, SREDIŠNA, PROLOŽAC"
"Popis_1","131","RUNOVIĆ","","CD 131 VINJANI, RUNOVIĆ, ZMIJAVCI, SREDIŠNA, PROLOŽAC"
"Popis_1","131","ZMIJAVCI","","CD 131 VINJANI, RUNOVIĆ, ZMIJAVCI, SREDIŠNA, PROLOŽAC"
"Popis_1","131","SREDIŠNA","","CD 131 VINJANI, RUNOVIĆ, ZMIJAVCI, SREDIŠNA, PROLOŽAC"
"Popis_1","131","PROLOŽAC","","CD 131 VINJANI, RUNOVIĆ, ZMIJAVCI, SREDIŠNA, PROLOŽAC"
"Popis_1","133","ŽUPA BIOKOVSKA","","CD 133 ŽUPA BIOKOVSKA, ZAGVOZD, IMOTSKI, POLJICA IMOTSKA"
"Popis_1","133","ZAGVOZD","","CD 133 ŽUPA BIOKOVSKA, ZAGVOZD, IMOTSKI, POLJICA IMOTSKA"
"Popis_1","133","IMOTSKI","","CD 133 ŽUPA BIOKOVSKA, ZAGVOZD, IMOTSKI, POLJICA IMOTSKA"
"Popis_1","133","POLJICA IMOTSKA","","CD 133 ŽUPA BIOKOVSKA, ZAGVOZD, IMOTSKI, POLJICA IMOTSKA"
"Popis_1","135","IMOTSKI","","CD 135 IMOTSKI, PODBABLJE, LOKVIČIĆI, CISTA VELIKA, ROGOZNICA – LOKVA, KATUNI-KREŠEVO"
"Popis_1","135","PODBABLJE","","CD 135 IMOTSKI, PODBABLJE, LOKVIČIĆI, CISTA VELIKA, ROGOZNICA – LOKVA, KATUNI-KREŠEVO"
"Popis_1","135","LOKVIČIĆI","","CD 135 IMOTSKI, PODBABLJE, LOKVIČIĆI, CISTA VELIKA, ROGOZNICA – LOKVA, KATUNI-KREŠEVO"
"Popis_1","135","CISTA VELIKA","","CD 135 IMOTSKI, PODBABLJE, LOKVIČIĆI, CISTA VELIKA, ROGOZNICA – LOKVA, KATUNI-KREŠEVO"
"Popis_1","135","ROGOZNICA – LOKVA","","CD 135 IMOTSKI, PODBABLJE, LOKVIČIĆI, CISTA VELIKA, ROGOZNICA – LOKVA, KATUNI-KREŠEVO"
"Popis_1","135","KATUNI-KREŠEVO","","CD 135 IMOTSKI, PODBABLJE, LOKVIČIĆI, CISTA VELIKA, ROGOZNICA – LOKVA, KATUNI-KREŠEVO"
"Popis_1","134","RIČICE","","CD 134 RIČICE, STUDENCI, IMOTSKI"
"Popis_1","134","STUDENCI","","CD 134 RIČICE, STUDENCI, IMOTSKI"
"Popis_1","134","IMOTSKI","","CD 134 RIČICE, STUDENCI, IMOTSKI"
"Popis_1","135","IMOTSKI","","CD 135 IMOTSKI, PODBABLJE, LOKVIČIĆI, CISTA VELIKA, ROGOZNICA, KATUNI-KREŠEVO"
"Popis_1","135","PODBABLJE","","CD 135 IMOTSKI, PODBABLJE, LOKVIČIĆI, CISTA VELIKA, ROGOZNICA, KATUNI-KREŠEVO"
"Popis_1","135","LOKVIČIĆI","","CD 135 IMOTSKI, PODBABLJE, LOKVIČIĆI, CISTA VELIKA, ROGOZNICA, KATUNI-KREŠEVO"
"Popis_1","135","CISTA VELIKA","","CD 135 IMOTSKI, PODBABLJE, LOKVIČIĆI, CISTA VELIKA, ROGOZNICA, KATUNI-KREŠEVO"
"Popis_1","135","ROGOZNICA","","CD 135 IMOTSKI, PODBABLJE, LOKVIČIĆI, CISTA VELIKA, ROGOZNICA, KATUNI-KREŠEVO"
"Popis_1","135","KATUNI-KREŠEVO","","CD 135 IMOTSKI, PODBABLJE, LOKVIČIĆI, CISTA VELIKA, ROGOZNICA, KATUNI-KREŠEVO"
"Popis_1","136","KATUNI-KREŠEVO","","CD 136 KATUNI-KREŠEVO, BLATO NA CETINI, SLIME, ZADVARJE, KRSTATICE"
"Popis_1","136","BLATO NA CETINI","","CD 136 KATUNI-KREŠEVO, BLATO NA CETINI, SLIME, ZADVARJE, KRSTATICE"
"Popis_1","136","SLIME","","CD 136 KATUNI-KREŠEVO, BLATO NA CETINI, SLIME, ZADVARJE, KRSTATICE"
"Popis_1","136","ZADVARJE","","CD 136 KATUNI-KREŠEVO, BLATO NA CETINI, SLIME, ZADVARJE, KRSTATICE"
"Popis_1","136","KRSTATICE","","CD 136 KATUNI-KREŠEVO, BLATO NA CETINI, SLIME, ZADVARJE, KRSTATICE"
"Popis_1","137","DONJE SITNO (POLJICA)","","CD 137 DONJE SITNO (POLJICA), DALMACIJA"
"Popis_1","137","DALMACIJA","","CD 137 DONJE SITNO (POLJICA), DALMACIJA"
"Popis_1","138","PAG I KRK","","CD 138 PAG I KRK"
"Popis_1","139","A OTOK KRK","","CD 139 A OTOK KRK"
"Popis_1","139","B OTOK KRK","","CD 139 B OTOK KRK"
"Popis_1","140","NOVALJA","","CD 140 NOVALJA, NOVI VINODOLSKI, CRES, SESTRUN, SUKOŠAN"
"Popis_1","140","NOVI VINODOLSKI","","CD 140 NOVALJA, NOVI VINODOLSKI, CRES, SESTRUN, SUKOŠAN"
"Popis_1","140","CRES","","CD 140 NOVALJA, NOVI VINODOLSKI, CRES, SESTRUN, SUKOŠAN"
"Popis_1","140","SESTRUN","","CD 140 NOVALJA, NOVI VINODOLSKI, CRES, SESTRUN, SUKOŠAN"
"Popis_1","140","SUKOŠAN","","CD 140 NOVALJA, NOVI VINODOLSKI, CRES, SESTRUN, SUKOŠAN"
"Popis_1","141","POSEDARJE","","CD 141 POSEDARJE, ZADAR"
"Popis_1","141","ZADAR","","CD 141 POSEDARJE, ZADAR"
"Popis_1","142","(MJESTO SNIMANJA NIJE NAVEDENO","","CD 142 (MJESTO SNIMANJA NIJE NAVEDENO, SAMO ""IZBOR: JERKO BEZIĆ"")"
"Popis_1","142","SAMO ""IZBOR: JERKO BEZIĆ"")","","CD 142 (MJESTO SNIMANJA NIJE NAVEDENO, SAMO ""IZBOR: JERKO BEZIĆ"")"
"Popis_1","143","KOMIN","","CD 143 KOMIN, BAGALOVIĆ, NERETVANSKA KRAJINA"
"Popis_1","143","BAGALOVIĆ","","CD 143 KOMIN, BAGALOVIĆ, NERETVANSKA KRAJINA"
"Popis_1","143","NERETVANSKA KRAJINA","","CD 143 KOMIN, BAGALOVIĆ, NERETVANSKA KRAJINA"
"Popis_1","144","BAGALOVIĆ","","CD 144 BAGALOVIĆ, VID, NERETVANSKA KRAJINA"
"Popis_1","144","VID","","CD 144 BAGALOVIĆ, VID, NERETVANSKA KRAJINA"
"Popis_1","144","NERETVANSKA KRAJINA","","CD 144 BAGALOVIĆ, VID, NERETVANSKA KRAJINA"
"Popis_1","145","OPUZEN","","CD 145 OPUZEN, NERETVANSKA KRAJINA"
"Popis_1","145","NERETVANSKA KRAJINA","","CD 145 OPUZEN, NERETVANSKA KRAJINA"
"Popis_1","146","OPUZEN","","CD 146 OPUZEN, VIDONJE, NERETVANSKA KRAJINA"
"Popis_1","146","VIDONJE","","CD 146 OPUZEN, VIDONJE, NERETVANSKA KRAJINA"
"Popis_1","146","NERETVANSKA KRAJINA","","CD 146 OPUZEN, VIDONJE, NERETVANSKA KRAJINA"
"Popis_1","147","VIDONJE","","CD 147 VIDONJE, METKOVIĆ, NERETVANSKA KRAJINA"
"Popis_1","147","METKOVIĆ","","CD 147 VIDONJE, METKOVIĆ, NERETVANSKA KRAJINA"
"Popis_1","147","NERETVANSKA KRAJINA","","CD 147 VIDONJE, METKOVIĆ, NERETVANSKA KRAJINA"
"Popis_1","148","METKOVIĆ","","CD 148 METKOVIĆ, SLIVNO-RAVNO, ROGOTIN, NERETVANSKA KRAJINA"
"Popis_1","148","SLIVNO-RAVNO","","CD 148 METKOVIĆ, SLIVNO-RAVNO, ROGOTIN, NERETVANSKA KRAJINA"
"Popis_1","148","ROGOTIN","","CD 148 METKOVIĆ, SLIVNO-RAVNO, ROGOTIN, NERETVANSKA KRAJINA"
"Popis_1","148","NERETVANSKA KRAJINA","","CD 148 METKOVIĆ, SLIVNO-RAVNO, ROGOTIN, NERETVANSKA KRAJINA"
"Popis_1","149","ROGOTIN","","CD 149 ROGOTIN, BIJELI VIR, NERETVANSKA KRAJINA"
"Popis_1","149","BIJELI VIR","","CD 149 ROGOTIN, BIJELI VIR, NERETVANSKA KRAJINA"
"Popis_1","149","NERETVANSKA KRAJINA","","CD 149 ROGOTIN, BIJELI VIR, NERETVANSKA KRAJINA"
"Popis_1","150","BIJELI VIR","","CD 150 BIJELI VIR, VELJACI-GRAB-SINAC, HERCEGOVINA"
"Popis_1","150","VELJACI-GRAB-SINAC","","CD 150 BIJELI VIR, VELJACI-GRAB-SINAC, HERCEGOVINA"
"Popis_1","150","HERCEGOVINA","","CD 150 BIJELI VIR, VELJACI-GRAB-SINAC, HERCEGOVINA"
"Popis_1","151","TREBIŽAT","","CD 151 TREBIŽAT, HERCEGOVINA; DESNE I BOROVCI, DALMACIJA"
"Popis_1","151","HERCEGOVINA; DESNE I BOROVCI","","CD 151 TREBIŽAT, HERCEGOVINA; DESNE I BOROVCI, DALMACIJA"
"Popis_1","151","DALMACIJA","","CD 151 TREBIŽAT, HERCEGOVINA; DESNE I BOROVCI, DALMACIJA"
"Popis_1","152","PLOČE","","CD 152 PLOČE, DALMACIJA; ČAPLJINA, HERCEGOVINA"
"Popis_1","152","DALMACIJA; ČAPLJINA","","CD 152 PLOČE, DALMACIJA; ČAPLJINA, HERCEGOVINA"
"Popis_1","152","HERCEGOVINA","","CD 152 PLOČE, DALMACIJA; ČAPLJINA, HERCEGOVINA"
"Popis_2","","PUČIŠĆA","","PUČIŠĆA"
"Popis_2","","GORNJI HUMAC","","GORNJI HUMAC"
"Popis_2","","DONJI HUMAC","","DONJI HUMAC"
"Popis_2","","PRAŽNICE","","PRAŽNICE"
"Popis_2","","DOL 5b. POSTIRA","","DOL 5b. POSTIRA"
"Popis_2","","SPLITSKA","","SPLITSKA"
"Popis_2","","SUPETAR 7b. SELCA","","SUPETAR 7b. SELCA"
"Popis_2","","NOVO SELO","","NOVO SELO"
"Popis_2","","ŠKRIP","","ŠKRIP"
"Popis_2","","NEREŽIŠĆA","","NEREŽIŠĆA"
"Popis_2","","BOL","","BOL"
"Popis_2","","STARI GRAD","","STARI GRAD"
"Popis_2","","VRBOSKA","","VRBOSKA"
"Popis_2","","VRBANJ","","VRBANJ"
"Popis_2","","VRISNIK","","VRISNIK"
"Popis_2","","SVIRČE","","SVIRČE"
"Popis_2","","JELSA","","JELSA"
"Popis_2","","PITVE","","PITVE"
"Popis_2","","VELI VAROŠ","","VELI VAROŠ"
"Popis_2","","SOLIN","","SOLIN"
"Popis_2","","VRANJIC 4a. TROGIR – SOLIN (U kazalu navedeno pod 4a, ali u samom tekstu dokumenta nedostaje zaseban popis napjeva za ovu jedinicu) 4b. STOBREČ","","VRANJIC 4a. TROGIR – SOLIN (U kazalu navedeno pod 4a, ali u samom tekstu dokumenta nedostaje zaseban popis napjeva za ovu jedinicu) 4b. STOBREČ"
"Popis_2","","TROGIR","","TROGIR"
"Popis_2","","KLIS","","KLIS"
"Popis_2","","GORNJE SELO (OTOK ŠOLTA)","","GORNJE SELO (OTOK ŠOLTA)"
"Popis_2","","KAŠTEL ŠTAFILIĆ","","KAŠTEL ŠTAFILIĆ"
"Popis_2","","KAŠTEL NOVI","","KAŠTEL NOVI"
"Popis_2","","KAŠTEL STARI","","KAŠTEL STARI"
"Popis_2","","KAŠTEL LUKŠIĆ","","KAŠTEL LUKŠIĆ"
"Popis_2","","KAŠTEL KAMBELOVAC","","KAŠTEL KAMBELOVAC"
"Popis_2","","KRILO – JESENICE","","KRILO – JESENICE"
"Popis_2","","KLIS (Ponovno naveden u kazalu pod ovim brojem)","","KLIS (Ponovno naveden u kazalu pod ovim brojem)"
